# Optimization result
#===========================================================

repr(result):
          message: Optimization terminated successfully.
                   `xtol` condition satisfied. (xtol=1.00e-06)
          success: True
              fun: [ 0.000e+00  0.000e+00 ...  0.000e+00  0.000e+00]
                x: [-4.822e-01 -1.664e+00 ... -6.565e-06 -1.934e-06]
              nit: 1
             cost: 0.0013471282895650238
                v: [ 1.000e+00  1.000e+00 ...  1.000e+00  1.000e+00]
       optimality: 0.051906228630673214
             nfev: 7
             njev: 2
             allx: [Array([ 1.000e+05, -2.000e+05, ...,  0.000e+00,
                           0.000e+00], dtype=float64), Array([ 1.000e+05, -2.000e+05, ..., -6.565e-06,
                          -1.934e-06], dtype=float64)]
            alltr: [Array( 9.257e+08, dtype=float64), np.float64(0.0006313144598509063), np.float64(0.00015782861496272657), np.float64(3.945715374068164e-05), np.float64(9.86428843517041e-06), np.float64(2.466072108792603e-06), np.float64(4.932144217585206e-06)]
          history: [[{'R_lmn': Array([ 1.024e-08, -8.224e-10, ..., -3.860e-10,
                           0.000e+00], dtype=float64), 'Z_lmn': Array([ 2.722e-08, -4.325e-08, ..., -1.147e-09,
                          -1.431e-09], dtype=float64), 'L_lmn': Array([ 1.209e-07,  4.400e-08, ...,  4.179e-09,
                          -1.453e-08], dtype=float64), 'p_l': Array([ 1.000e+05, -2.000e+05,  1.000e+05,  0.000e+00,
                           0.000e+00,  0.000e+00], dtype=float64), 'i_l': Array([ 4.900e-01,  0.000e+00,  0.000e+00,  0.000e+00,
                           0.000e+00,  0.000e+00], dtype=float64), 'c_l': Array([], shape=(0,), dtype=float64), 'Psi': Array([ 1.000e+00], dtype=float64, weak_type=True), 'Te_l': Array([], shape=(0,), dtype=float64), 'ne_l': Array([], shape=(0,), dtype=float64), 'Ti_l': Array([], shape=(0,), dtype=float64), 'Zeff_l': Array([], shape=(0,), dtype=float64), 'a_lmn': Array([], shape=(0,), dtype=float64), 'Ra_n': Array([ 6.325e+00,  1.092e-02, -3.281e-04,  1.545e-06,
                           2.165e-07,  1.241e-07,  2.208e-08,  7.546e-09,
                           1.310e-08, -8.738e-09,  1.656e-09],      dtype=float64), 'Za_n': Array([-4.345e-09, -5.978e-09, -4.232e-09, -7.338e-09,
                           9.424e-08, -1.285e-08, -7.766e-07,  2.034e-05,
                          -2.402e-04, -7.860e-03], dtype=float64), 'Rb_lmn': Array([ 0.000e+00,  0.000e+00, ...,  0.000e+00,
                           0.000e+00], dtype=float64), 'Zb_lmn': Array([ 0.000e+00,  0.000e+00, ...,  0.000e+00,
                           0.000e+00], dtype=float64), 'I': Array([], shape=(0,), dtype=float64), 'G': Array([], shape=(0,), dtype=float64), 'Phi_mn': Array([], shape=(0,), dtype=float64)}], [{'R_lmn': Array([ 1.012e-08,  1.001e-09, ..., -3.478e-10,
                           0.000e+00], dtype=float64), 'Z_lmn': Array([ 2.725e-08, -4.112e-08, ..., -1.176e-09,
                          -1.309e-09], dtype=float64), 'L_lmn': Array([ 1.197e-07,  4.605e-08, ...,  4.107e-09,
                          -1.290e-08], dtype=float64), 'p_l': Array([ 1.000e+05, -2.000e+05,  1.000e+05,  1.110e-16,
                           3.331e-16,  0.000e+00], dtype=float64), 'i_l': Array([ 4.900e-01,  0.000e+00,  0.000e+00,  0.000e+00,
                           0.000e+00,  0.000e+00], dtype=float64), 'c_l': Array([], shape=(0,), dtype=float64), 'Psi': Array([ 1.000e+00], dtype=float64), 'Te_l': Array([], shape=(0,), dtype=float64), 'ne_l': Array([], shape=(0,), dtype=float64), 'Ti_l': Array([], shape=(0,), dtype=float64), 'Zeff_l': Array([], shape=(0,), dtype=float64), 'a_lmn': Array([], shape=(0,), dtype=float64), 'Ra_n': Array([ 6.325e+00,  1.092e-02, -3.280e-04,  1.570e-06,
                           1.951e-07,  1.317e-07,  2.149e-08,  7.851e-09,
                           1.284e-08, -8.617e-09,  1.532e-09],      dtype=float64), 'Za_n': Array([-4.525e-09, -5.957e-09, -4.296e-09, -6.692e-09,
                           9.588e-08, -2.049e-08, -7.565e-07,  2.032e-05,
                          -2.402e-04, -7.860e-03], dtype=float64), 'Rb_lmn': Array([ 0.000e+00,  0.000e+00, ...,  0.000e+00,
                           0.000e+00], dtype=float64), 'Zb_lmn': Array([ 0.000e+00,  0.000e+00, ...,  0.000e+00,
                           0.000e+00], dtype=float64), 'I': Array([], shape=(0,), dtype=float64), 'G': Array([], shape=(0,), dtype=float64), 'Phi_mn': Array([], shape=(0,), dtype=float64)}], [{'R_lmn': Array([-1.870e-06,  5.605e-06, ...,  4.214e-07,
                           3.020e-07], dtype=float64), 'Z_lmn': Array([ 3.414e-06, -1.522e-07, ..., -2.523e-07,
                           2.557e-08], dtype=float64), 'L_lmn': Array([ 3.703e-06,  9.844e-06, ..., -5.662e-07,
                          -4.891e-09], dtype=float64), 'p_l': Array([ 1.000e+05, -2.000e+05,  1.000e+05,  1.110e-16,
                           3.331e-16,  0.000e+00], dtype=float64), 'i_l': Array([ 4.900e-01,  6.310e-07,  0.000e+00,  0.000e+00,
                           0.000e+00,  0.000e+00], dtype=float64), 'c_l': Array([], shape=(0,), dtype=float64), 'Psi': Array([ 1.000e+00], dtype=float64), 'Te_l': Array([], shape=(0,), dtype=float64), 'ne_l': Array([], shape=(0,), dtype=float64), 'Ti_l': Array([], shape=(0,), dtype=float64), 'Zeff_l': Array([], shape=(0,), dtype=float64), 'a_lmn': Array([], shape=(0,), dtype=float64), 'Ra_n': Array([ 6.325e+00,  1.085e-02, -3.165e-04,  1.947e-06,
                           1.508e-06,  3.430e-05,  8.921e-06,  4.070e-05,
                           1.586e-05,  5.867e-06, -3.894e-06],      dtype=float64), 'Za_n': Array([ 6.518e-06, -1.019e-04,  2.248e-05, -2.070e-05,
                          -9.473e-06, -1.047e-05,  5.200e-05,  4.986e-05,
                          -1.974e-04, -7.945e-03], dtype=float64), 'Rb_lmn': Array([ 3.164e-08, -8.232e-08, ...,  8.736e-07,
                           3.020e-07], dtype=float64), 'Zb_lmn': Array([-8.614e-07,  6.857e-06, ..., -6.565e-06,
                          -1.934e-06], dtype=float64), 'I': Array([], shape=(0,), dtype=float64), 'G': Array([], shape=(0,), dtype=float64), 'Phi_mn': Array([], shape=(0,), dtype=float64)}]]
 Objective values:          Total (sum of squares):  f: 0.0013471282895650238
                                                    f0: 0.0013606227116285388
                         Ideal ballooning lambda: : [{'f_max': Array( 0.000e+00,      dtype=float64), 'f0_max': Array( 0.000e+00,      dtype=float64), 'f_min': Array( 0.000e+00,      dtype=float64), 'f0_min': Array( 0.000e+00,      dtype=float64), 'f_mean': Array( 0.000e+00,      dtype=float64), 'f0_mean': Array( 0.000e+00,      dtype=float64), 'f_max_norm': Array( 0.000e+00,      dtype=float64), 'f0_max_norm': Array( 0.000e+00,      dtype=float64), 'f_min_norm': Array( 0.000e+00,      dtype=float64), 'f0_min_norm': Array( 0.000e+00,      dtype=float64), 'f_mean_norm': Array( 0.000e+00,      dtype=float64), 'f0_mean_norm': Array( 0.000e+00,      dtype=float64)}]
                               Mercier Stability: : [{'f_max': Array( 1.225e+03,      dtype=float64), 'f0_max': Array( 1.221e+03,      dtype=float64), 'f_min': Array(-1.879e-01,      dtype=float64), 'f0_min': Array(-1.891e-01,      dtype=float64), 'f_mean': Array( 9.541e+01,      dtype=float64), 'f0_mean': Array( 9.508e+01,      dtype=float64), 'f_max_norm': Array( 1.225e+03,      dtype=float64), 'f0_max_norm': Array( 1.221e+03,      dtype=float64), 'f_min_norm': Array(-1.879e-01,      dtype=float64), 'f0_min_norm': Array(-1.891e-01,      dtype=float64), 'f_mean_norm': Array( 9.541e+01,      dtype=float64), 'f0_mean_norm': Array( 9.508e+01,      dtype=float64)}]
                   Custom linear objective value: : [{'f': Array( 2.910e-11,      dtype=float64), 'f0': Array( 2.910e-11,      dtype=float64)}, {'f': Array( 0.000e+00,      dtype=float64), 'f0': Array( 0.000e+00,      dtype=float64)}, {'f': Array( 0.000e+00,      dtype=float64), 'f0': Array( 0.000e+00,      dtype=float64)}, {'f': Array( 0.000e+00,      dtype=float64), 'f0': Array( 0.000e+00,      dtype=float64)}, {'f': Array( 0.000e+00,      dtype=float64), 'f0': Array( 0.000e+00,      dtype=float64)}, {'f': Array( 1.260e-15,      dtype=float64), 'f0': Array( 0.000e+00,      dtype=float64)}, {'f': Array( 5.821e-11,      dtype=float64), 'f0': Array( 0.000e+00,      dtype=float64)}, {'f': Array( 5.821e-11,      dtype=float64), 'f0': Array( 0.000e+00,      dtype=float64)}, {'f': Array( 0.000e+00,      dtype=float64), 'f0': Array( 0.000e+00,      dtype=float64)}]
                                     Force error: : [{'f_max': Array( 3.668e+03,      dtype=float64), 'f0_max': Array( 2.623e+03,      dtype=float64), 'f_min': Array( 1.842e-03,      dtype=float64), 'f0_min': Array( 1.269e-03,      dtype=float64), 'f_mean': Array( 1.582e+02,      dtype=float64), 'f0_mean': Array( 1.380e+02,      dtype=float64), 'f_max_norm': Array( 5.963e-05,      dtype=float64), 'f0_max_norm': Array( 4.263e-05,      dtype=float64), 'f_min_norm': Array( 2.994e-11,      dtype=float64), 'f0_min_norm': Array( 2.062e-11,      dtype=float64), 'f_mean_norm': Array( 2.572e-06,      dtype=float64), 'f0_mean_norm': Array( 2.243e-06,      dtype=float64)}]
                                 Fixed Psi error: : [{'f': Array( 0.000e+00,      dtype=float64), 'f0': Array( 0.000e+00,      dtype=float64)}]

# Common result attributes
#===========================================================

success = True
message = Optimization terminated successfully.
`xtol` condition satisfied. (xtol=1.00e-06)
nit = 1
nfev = 7
njev = 2
cost = 0.0013471282895650238
optimality = 0.051906228630673214


# Full public attributes
#===========================================================

Objective values = {'Total (sum of squares)': {'f': Array(0.00134713, dtype=float64), 'f0': Array(0.00136062, dtype=float64)}, 'Ideal ballooning lambda: ': [{'f_max': Array(0., dtype=float64), 'f0_max': Array(0., dtype=float64), 'f_min': Array(0., dtype=float64), 'f0_min': Array(0., dtype=float64), 'f_mean': Array(0., dtype=float64), 'f0_mean': Array(0., dtype=float64), 'f_max_norm': Array(0., dtype=float64), 'f0_max_norm': Array(0., dtype=float64), 'f_min_norm': Array(0., dtype=float64), 'f0_min_norm': Array(0., dtype=float64), 'f_mean_norm': Array(0., dtype=float64), 'f0_mean_norm': Array(0., dtype=float64)}], 'Mercier Stability: ': [{'f_max': Array(1225.28532582, dtype=float64), 'f0_max': Array(1221.4301212, dtype=float64), 'f_min': Array(-0.18786422, dtype=float64), 'f0_min': Array(-0.18905262, dtype=float64), 'f_mean': Array(95.40780717, dtype=float64), 'f0_mean': Array(95.07606983, dtype=float64), 'f_max_norm': Array(1225.28532582, dtype=float64), 'f0_max_norm': Array(1221.4301212, dtype=float64), 'f_min_norm': Array(-0.18786422, dtype=float64), 'f0_min_norm': Array(-0.18905262, dtype=float64), 'f_mean_norm': Array(95.40780717, dtype=float64), 'f0_mean_norm': Array(95.07606983, dtype=float64)}], 'Custom linear objective value: ': [{'f': Array(2.91038305e-11, dtype=float64), 'f0': Array(2.91038305e-11, dtype=float64)}, {'f': Array(0., dtype=float64), 'f0': Array(0., dtype=float64)}, {'f': Array(0., dtype=float64), 'f0': Array(0., dtype=float64)}, {'f': Array(0., dtype=float64), 'f0': Array(0., dtype=float64)}, {'f': Array(0., dtype=float64), 'f0': Array(0., dtype=float64)}, {'f': Array(1.26010313e-15, dtype=float64), 'f0': Array(0., dtype=float64)}, {'f': Array(5.82072168e-11, dtype=float64), 'f0': Array(0., dtype=float64)}, {'f': Array(5.82059956e-11, dtype=float64), 'f0': Array(0., dtype=float64)}, {'f': Array(0., dtype=float64), 'f0': Array(0., dtype=float64)}], 'Force error: ': [{'f_max': Array(3668.28989612, dtype=float64), 'f0_max': Array(2622.62474932, dtype=float64), 'f_min': Array(0.00184202, dtype=float64), 'f0_min': Array(0.00126855, dtype=float64), 'f_mean': Array(158.20214211, dtype=float64), 'f0_mean': Array(137.97546821, dtype=float64), 'f_max_norm': Array(5.96281539e-05, dtype=float64), 'f0_max_norm': Array(4.2630838e-05, dtype=float64), 'f_min_norm': Array(2.99421514e-11, dtype=float64), 'f0_min_norm': Array(2.06203374e-11, dtype=float64), 'f_mean_norm': Array(2.5715802e-06, dtype=float64), 'f0_mean_norm': Array(2.24279506e-06, dtype=float64)}], 'Fixed Psi error: ': [{'f': Array(0., dtype=float64), 'f0': Array(0., dtype=float64)}]}
alltr = [Array(9.25746411e+08, dtype=float64), np.float64(0.0006313144598509063), np.float64(0.00015782861496272657), np.float64(3.945715374068164e-05), np.float64(9.86428843517041e-06), np.float64(2.466072108792603e-06), np.float64(4.932144217585206e-06)]
allx = [Array([ 1.00000000e+05, -2.00000000e+05,  1.00000000e+05,  1.11022302e-16,
        3.33066907e-16,  0.00000000e+00,  4.90000000e-01,  0.00000000e+00,
        0.00000000e+00,  0.00000000e+00,  0.00000000e+00,  0.00000000e+00,
        1.00000000e+00,  0.00000000e+00,  0.00000000e+00,  0.00000000e+00,
        0.00000000e+00,  0.00000000e+00,  0.00000000e+00,  0.00000000e+00,
        0.00000000e+00,  0.00000000e+00,  0.00000000e+00,  0.00000000e+00,
        0.00000000e+00,  0.00000000e+00,  0.00000000e+00,  0.00000000e+00,
        0.00000000e+00,  0.00000000e+00,  0.00000000e+00,  0.00000000e+00,
        0.00000000e+00,  0.00000000e+00,  0.00000000e+00,  0.00000000e+00,
        0.00000000e+00,  0.00000000e+00,  0.00000000e+00,  0.00000000e+00,
        0.00000000e+00,  0.00000000e+00,  0.00000000e+00,  0.00000000e+00,
        0.00000000e+00,  0.00000000e+00,  0.00000000e+00,  0.00000000e+00,
        0.00000000e+00,  0.00000000e+00,  0.00000000e+00,  0.00000000e+00,
        0.00000000e+00,  0.00000000e+00,  0.00000000e+00,  0.00000000e+00,
        0.00000000e+00,  0.00000000e+00,  0.00000000e+00,  0.00000000e+00,
        0.00000000e+00,  0.00000000e+00,  0.00000000e+00,  0.00000000e+00,
        0.00000000e+00,  0.00000000e+00,  0.00000000e+00,  0.00000000e+00,
        0.00000000e+00,  0.00000000e+00,  0.00000000e+00,  0.00000000e+00,
        0.00000000e+00,  0.00000000e+00,  0.00000000e+00,  0.00000000e+00,
        0.00000000e+00,  0.00000000e+00,  0.00000000e+00,  0.00000000e+00,
        0.00000000e+00,  0.00000000e+00,  0.00000000e+00,  0.00000000e+00,
        0.00000000e+00,  0.00000000e+00,  0.00000000e+00,  0.00000000e+00,
        0.00000000e+00,  0.00000000e+00,  0.00000000e+00,  0.00000000e+00,
        0.00000000e+00,  0.00000000e+00,  0.00000000e+00,  0.00000000e+00,
        0.00000000e+00,  0.00000000e+00,  0.00000000e+00,  0.00000000e+00,
        0.00000000e+00,  0.00000000e+00,  0.00000000e+00,  0.00000000e+00,
        0.00000000e+00,  0.00000000e+00,  0.00000000e+00,  0.00000000e+00,
        0.00000000e+00,  0.00000000e+00,  0.00000000e+00,  0.00000000e+00,
        0.00000000e+00,  6.00000000e+00, -5.00000000e-01,  0.00000000e+00,
        0.00000000e+00,  0.00000000e+00,  0.00000000e+00,  0.00000000e+00,
        0.00000000e+00,  0.00000000e+00,  0.00000000e+00,  0.00000000e+00,
        0.00000000e+00, -2.50000000e-02, -2.50000000e-02,  0.00000000e+00,
        0.00000000e+00,  0.00000000e+00,  0.00000000e+00,  0.00000000e+00,
        0.00000000e+00,  0.00000000e+00,  0.00000000e+00,  0.00000000e+00,
        0.00000000e+00,  0.00000000e+00,  0.00000000e+00,  0.00000000e+00,
        0.00000000e+00,  0.00000000e+00,  0.00000000e+00,  0.00000000e+00,
        0.00000000e+00,  0.00000000e+00,  0.00000000e+00,  0.00000000e+00,
        0.00000000e+00,  0.00000000e+00,  0.00000000e+00,  0.00000000e+00,
        0.00000000e+00,  0.00000000e+00,  0.00000000e+00,  0.00000000e+00,
        0.00000000e+00,  0.00000000e+00,  0.00000000e+00,  0.00000000e+00,
        0.00000000e+00,  0.00000000e+00,  0.00000000e+00,  0.00000000e+00,
        0.00000000e+00,  0.00000000e+00,  0.00000000e+00,  0.00000000e+00,
        0.00000000e+00,  0.00000000e+00,  0.00000000e+00,  0.00000000e+00,
        0.00000000e+00,  0.00000000e+00,  0.00000000e+00,  0.00000000e+00,
        0.00000000e+00,  0.00000000e+00,  0.00000000e+00,  0.00000000e+00,
        0.00000000e+00,  0.00000000e+00,  0.00000000e+00,  0.00000000e+00,
        0.00000000e+00,  0.00000000e+00,  0.00000000e+00,  0.00000000e+00,
        0.00000000e+00,  0.00000000e+00,  0.00000000e+00,  0.00000000e+00,
        0.00000000e+00,  0.00000000e+00,  0.00000000e+00,  0.00000000e+00,
        0.00000000e+00,  0.00000000e+00,  0.00000000e+00,  0.00000000e+00,
        0.00000000e+00,  0.00000000e+00,  0.00000000e+00,  0.00000000e+00,
        0.00000000e+00,  0.00000000e+00,  0.00000000e+00,  0.00000000e+00,
        0.00000000e+00,  0.00000000e+00,  0.00000000e+00,  0.00000000e+00,
        0.00000000e+00,  0.00000000e+00,  0.00000000e+00,  0.00000000e+00,
        0.00000000e+00,  0.00000000e+00,  0.00000000e+00,  0.00000000e+00,
        0.00000000e+00,  0.00000000e+00,  0.00000000e+00,  0.00000000e+00,
        0.00000000e+00,  0.00000000e+00,  0.00000000e+00,  0.00000000e+00,
        0.00000000e+00,  0.00000000e+00,  0.00000000e+00,  0.00000000e+00,
        0.00000000e+00,  0.00000000e+00,  0.00000000e+00,  0.00000000e+00,
        0.00000000e+00,  0.00000000e+00,  0.00000000e+00,  0.00000000e+00,
        0.00000000e+00,  0.00000000e+00,  0.00000000e+00,  0.00000000e+00,
        0.00000000e+00,  0.00000000e+00,  0.00000000e+00,  0.00000000e+00,
        0.00000000e+00,  0.00000000e+00,  0.00000000e+00,  0.00000000e+00,
        0.00000000e+00,  0.00000000e+00,  0.00000000e+00,  0.00000000e+00,
        0.00000000e+00,  0.00000000e+00,  0.00000000e+00,  0.00000000e+00,
        0.00000000e+00,  0.00000000e+00,  0.00000000e+00,  0.00000000e+00,
        0.00000000e+00,  0.00000000e+00,  0.00000000e+00,  0.00000000e+00,
        0.00000000e+00,  0.00000000e+00,  0.00000000e+00,  0.00000000e+00,
        0.00000000e+00,  0.00000000e+00,  0.00000000e+00,  0.00000000e+00,
        0.00000000e+00,  0.00000000e+00,  0.00000000e+00,  0.00000000e+00,
        0.00000000e+00,  0.00000000e+00,  0.00000000e+00,  0.00000000e+00,
        0.00000000e+00,  0.00000000e+00,  0.00000000e+00,  0.00000000e+00,
        0.00000000e+00,  0.00000000e+00,  0.00000000e+00,  0.00000000e+00,
        0.00000000e+00,  0.00000000e+00,  0.00000000e+00,  0.00000000e+00,
        0.00000000e+00,  0.00000000e+00,  0.00000000e+00,  0.00000000e+00,
        0.00000000e+00,  0.00000000e+00,  0.00000000e+00,  0.00000000e+00,
        0.00000000e+00,  0.00000000e+00,  0.00000000e+00,  0.00000000e+00,
        0.00000000e+00,  0.00000000e+00,  0.00000000e+00,  0.00000000e+00,
        0.00000000e+00,  0.00000000e+00,  0.00000000e+00,  0.00000000e+00,
        0.00000000e+00,  0.00000000e+00,  0.00000000e+00,  0.00000000e+00,
        0.00000000e+00,  0.00000000e+00,  0.00000000e+00,  0.00000000e+00,
        0.00000000e+00,  0.00000000e+00,  0.00000000e+00,  0.00000000e+00,
        0.00000000e+00,  0.00000000e+00,  0.00000000e+00,  0.00000000e+00,
        0.00000000e+00,  0.00000000e+00,  0.00000000e+00,  0.00000000e+00,
        0.00000000e+00,  0.00000000e+00,  0.00000000e+00,  0.00000000e+00,
        0.00000000e+00,  0.00000000e+00,  0.00000000e+00,  0.00000000e+00,
        0.00000000e+00,  0.00000000e+00,  0.00000000e+00,  0.00000000e+00,
        0.00000000e+00,  0.00000000e+00,  0.00000000e+00,  0.00000000e+00,
       -4.00000000e-03,  4.90000000e-01,  0.00000000e+00,  0.00000000e+00,
        0.00000000e+00,  0.00000000e+00,  0.00000000e+00,  0.00000000e+00,
        0.00000000e+00,  0.00000000e+00, -2.50000000e-02,  2.50000000e-02,
        0.00000000e+00,  0.00000000e+00,  0.00000000e+00,  0.00000000e+00,
        0.00000000e+00,  0.00000000e+00,  0.00000000e+00,  0.00000000e+00,
        0.00000000e+00,  0.00000000e+00,  0.00000000e+00,  0.00000000e+00,
        0.00000000e+00,  0.00000000e+00,  0.00000000e+00,  0.00000000e+00,
        0.00000000e+00,  0.00000000e+00,  0.00000000e+00,  0.00000000e+00,
        0.00000000e+00,  0.00000000e+00,  0.00000000e+00,  0.00000000e+00,
        0.00000000e+00,  0.00000000e+00,  0.00000000e+00,  0.00000000e+00,
        0.00000000e+00,  0.00000000e+00,  0.00000000e+00,  0.00000000e+00,
        0.00000000e+00,  0.00000000e+00,  0.00000000e+00,  0.00000000e+00,
        0.00000000e+00,  0.00000000e+00,  0.00000000e+00,  0.00000000e+00,
        0.00000000e+00,  0.00000000e+00,  0.00000000e+00,  0.00000000e+00,
        0.00000000e+00,  0.00000000e+00,  0.00000000e+00,  0.00000000e+00,
        0.00000000e+00,  0.00000000e+00,  0.00000000e+00,  0.00000000e+00,
        0.00000000e+00,  0.00000000e+00,  0.00000000e+00,  0.00000000e+00,
        0.00000000e+00,  0.00000000e+00,  0.00000000e+00,  0.00000000e+00,
        0.00000000e+00,  0.00000000e+00,  0.00000000e+00,  0.00000000e+00,
        0.00000000e+00,  0.00000000e+00,  0.00000000e+00,  0.00000000e+00,
        0.00000000e+00,  0.00000000e+00,  0.00000000e+00,  0.00000000e+00,
        0.00000000e+00,  0.00000000e+00,  0.00000000e+00,  0.00000000e+00,
        0.00000000e+00,  0.00000000e+00,  0.00000000e+00,  0.00000000e+00,
        0.00000000e+00,  0.00000000e+00,  0.00000000e+00,  0.00000000e+00,
        0.00000000e+00,  0.00000000e+00,  0.00000000e+00,  0.00000000e+00,
        0.00000000e+00,  0.00000000e+00], dtype=float64), Array([ 1.00000000e+05, -2.00000000e+05,  1.00000000e+05,  1.11022302e-16,
        3.33066907e-16,  0.00000000e+00,  4.90000491e-01,  6.30953714e-07,
        0.00000000e+00,  0.00000000e+00,  0.00000000e+00,  0.00000000e+00,
        1.00000000e+00,  3.16428568e-08, -8.23167866e-08,  1.09505386e-07,
        1.38364370e-07,  1.32529010e-07, -3.81475255e-06, -1.47232278e-06,
        1.35746801e-06,  1.78658784e-06, -3.75722597e-06, -2.67014999e-08,
        7.17746313e-08, -5.47511446e-08, -1.08876460e-07, -2.09445114e-07,
        1.00507789e-04, -2.24831254e-06, -8.44156378e-06,  1.36762740e-05,
       -1.39377465e-04,  3.53196388e-08, -1.81749789e-07,  1.37910192e-07,
        1.47984352e-07,  4.01303828e-07, -1.60762659e-06,  5.00078105e-06,
       -4.74805205e-05, -9.36479414e-06,  3.82827224e-05, -1.90835645e-08,
        1.21309985e-07, -8.62977859e-08, -4.83139551e-08,  1.38030530e-05,
       -3.51285546e-07,  1.13283206e-06, -2.75178532e-06,  3.68894001e-06,
       -6.59989063e-05,  4.83798978e-09, -1.02472390e-08,  1.12728158e-08,
        2.30734278e-08,  7.27894045e-08,  2.50662344e-07,  2.47764865e-06,
       -3.72313285e-06, -1.29377310e-05, -5.69204023e-06, -1.94018026e-08,
        1.47228364e-07,  2.05077045e-08,  1.76380060e-07,  1.99212031e-07,
       -3.37132045e-07,  1.94065004e-06, -2.39859550e-06, -1.67746972e-06,
       -1.34181407e-05,  2.40800512e-08,  1.16219653e-08, -4.09686405e-08,
        1.23140083e-07,  1.14600375e-07,  6.50127778e-07,  2.89361705e-06,
       -1.51036121e-06, -4.28561328e-05, -3.71675097e-05, -1.23969363e-09,
        2.03039274e-09, -3.37968244e-09, -8.49418327e-09, -2.70322642e-08,
        1.42514212e-07, -7.81915681e-07, -3.09757755e-06,  2.17312183e-06,
        4.45904002e-05, -1.42295150e-09, -4.32537298e-09, -5.02985405e-08,
       -1.23442511e-08,  7.44688709e-08, -6.14329112e-08,  3.05284452e-07,
        2.08664867e-06, -3.63003651e-05, -1.13192563e-05, -4.79128925e-10,
        1.93003511e-09,  4.00666826e-09, -1.79859112e-08, -9.65526262e-06,
        5.79271371e-08,  3.52083213e-07,  5.13142393e-06,  2.85225384e-06,
        4.73155532e-06,  5.99999119e+00, -4.99999672e-01,  4.13625929e-07,
        8.93371667e-08, -2.87106595e-08,  3.83311618e-08, -3.93498081e-09,
       -1.78319911e-09, -3.56770569e-09,  2.67196641e-10, -1.33439414e-10,
       -4.15630387e-06, -2.49919015e-02, -2.49993097e-02,  6.79249568e-07,
        1.04193023e-07,  9.47387086e-08,  8.13301349e-09,  4.18942534e-09,
        2.24446632e-09, -1.43823921e-09, -5.06134259e-10, -1.13067173e-05,
       -2.01659194e-05,  1.65088929e-06, -2.94671963e-06, -3.91634453e-07,
        1.32221837e-07, -1.57878126e-08, -3.45144811e-09, -3.76836737e-09,
        8.46072989e-10, -3.15986998e-10, -4.77253223e-06, -7.40605003e-06,
       -1.92790507e-06, -1.29332109e-06, -3.58482824e-07, -7.02822756e-08,
        3.68532863e-07, -1.05279871e-08, -8.02515726e-09,  3.11533769e-09,
       -1.34971699e-09, -5.63305295e-06, -3.07977809e-06,  5.17557798e-06,
        1.20637199e-06, -3.54557062e-07, -6.90312192e-07, -9.03093318e-08,
       -5.77957179e-08, -6.87449188e-09,  1.05513935e-08,  3.35987735e-08,
        1.93685001e-05,  3.32164936e-06,  3.89327899e-05, -1.14427912e-06,
        9.63752191e-07, -1.45482545e-06,  1.81760731e-07,  5.03405467e-08,
        9.14229310e-08, -1.11366938e-06,  6.43176820e-09,  7.19721887e-06,
       -2.94651407e-06,  6.64503106e-06, -1.88601900e-06, -1.97023822e-06,
        9.89951783e-07, -3.49999107e-07,  1.30461752e-07, -1.41239369e-06,
       -2.53182430e-08,  1.62038468e-08,  7.83305011e-05,  3.04179230e-06,
        1.54631759e-05,  1.76273749e-06, -1.30816334e-06,  5.04521207e-07,
       -4.95784888e-07,  4.74727137e-07,  1.97852089e-07,  2.91032646e-06,
       -4.48457787e-08,  8.86115032e-06, -1.08199493e-05,  1.14897258e-05,
        3.92405678e-06,  2.36808307e-06,  1.03895933e-06,  6.84347337e-07,
        1.77979576e-07,  4.71766810e-07,  7.68242057e-07,  8.55626364e-08,
       -1.04051850e-05,  2.62159749e-06,  4.87791494e-05,  3.59123943e-06,
       -2.04327234e-06,  1.77612277e-06, -4.65322417e-07, -1.60309048e-07,
       -7.97655559e-08,  1.50121138e-07, -5.69068683e-08,  8.00991749e-07,
       -9.47409272e-07, -5.47752320e-06,  1.09655026e-05, -2.95073993e-06,
        5.06455538e-07,  1.05253027e-06,  1.11799064e-07,  1.63170145e-06,
        8.73558958e-07,  3.01997559e-07, -8.61363565e-07,  6.85698579e-06,
        1.91208477e-06, -4.90724504e-06,  1.31450070e-06, -1.00743733e-06,
       -4.39079438e-07, -1.55815329e-07,  3.36089566e-07,  1.70196338e-08,
        2.53197629e-08, -3.24854953e-04,  9.85817246e-06, -5.74199961e-06,
       -4.14441545e-06,  4.17964878e-06, -8.77941035e-07,  1.80222480e-06,
        1.91016587e-07, -1.03229294e-06, -1.12711517e-08, -1.17881168e-08,
        7.33459450e-05, -2.06665703e-05,  3.74342578e-05,  3.13387090e-06,
        1.67257966e-04,  1.87474125e-06,  5.80241050e-07, -7.63250466e-07,
       -1.94023591e-07,  2.16167492e-08,  2.13061398e-08, -3.66494982e-05,
       -3.75227082e-05, -6.42674373e-06,  3.53158415e-06, -9.59146537e-07,
        1.51009591e-06, -1.91123403e-07,  8.52388827e-07,  5.39800149e-08,
       -9.36430935e-09, -6.00023913e-09, -2.41755369e-05,  5.51188465e-06,
        4.62514349e-06,  1.88846593e-06,  5.60219692e-07, -7.71250455e-07,
       -2.35768255e-07, -5.66317833e-08,  1.10338118e-07,  2.37983099e-09,
        2.43595540e-09, -1.06096576e-05,  7.88064373e-06,  2.31119004e-06,
        4.02256626e-06, -5.09296394e-07,  3.47470894e-07, -2.66020332e-07,
       -6.83706497e-08,  4.44015942e-08,  1.31020714e-08,  2.56177605e-09,
        6.29042108e-05,  1.17397880e-05,  5.61646304e-06,  9.74182070e-07,
        1.98448549e-06, -8.19618607e-07, -1.60530550e-06,  4.75203717e-08,
       -1.96673639e-08, -1.28098971e-08, -9.16318856e-09,  1.32180440e-05,
       -1.43552522e-05, -6.31947966e-06,  4.20546386e-06,  4.68673473e-07,
       -4.04034506e-08, -1.42389584e-07,  1.35773826e-08,  4.39376423e-08,
       -8.08611866e-10, -7.11625298e-10,  1.27894938e-05, -5.97828127e-06,
       -7.21456001e-06, -2.54691375e-06, -1.66492845e-07,  4.09411021e-08,
        6.97839714e-08, -6.52342970e-08, -8.59368395e-09, -4.41638219e-09,
       -2.85562545e-09, -1.78840591e-04, -3.39889083e-05, -2.81558855e-06,
       -1.00023076e-06,  5.32307515e-07, -8.98019434e-08,  1.47374213e-06,
        5.54882625e-08, -6.07803494e-09, -1.09598110e-09,  3.73931295e-10,
       -2.54304538e-10,  1.53760091e-10,  1.20048637e-09, -9.71569248e-09,
       -1.12086964e-08,  1.50844237e-08, -5.46086885e-08,  6.64068979e-08,
       -3.99943641e-03,  4.89998555e-01, -2.04862545e-10, -3.20742352e-10,
        1.46350038e-09,  6.05903804e-09, -1.13596205e-08, -3.20171397e-08,
        1.59564121e-07, -1.09456506e-06, -2.49995654e-02,  2.49980881e-02,
       -7.44787949e-09,  4.67921275e-10,  7.48377315e-09, -1.20983295e-08,
       -6.19460239e-07,  2.80381586e-08, -1.87299005e-07, -5.09299519e-07,
       -9.37494549e-07, -1.84761356e-05,  2.31976973e-09,  1.24192683e-09,
        5.61216843e-09, -4.18026389e-08, -8.59077986e-08, -6.05329003e-08,
        2.34301671e-05, -8.70664799e-07, -1.84543221e-06, -2.50942557e-06,
        1.63304251e-09,  3.60407782e-09, -1.25624102e-07, -7.00622726e-08,
        1.74269742e-07,  2.92206848e-07, -2.98188490e-07,  5.56325650e-07,
        4.70300728e-06,  8.42770922e-06, -6.08525939e-08, -7.90093676e-09,
       -3.64441112e-08,  3.59320949e-07, -8.16843698e-07, -3.24610277e-07,
        1.49809377e-06, -6.55268076e-07, -1.11350781e-05, -7.02685665e-06,
       -4.97494825e-08, -2.52979657e-08,  5.77041702e-08, -3.94321587e-07,
       -7.88157170e-07,  3.76497138e-07, -8.11369734e-07, -1.27066946e-06,
       -4.83895827e-06, -1.10149720e-04,  1.21757515e-07,  9.00603779e-08,
        3.80238283e-07, -4.28912565e-07, -1.23176607e-06,  8.24864101e-07,
       -1.81552917e-06,  2.39060970e-06,  5.04309064e-05, -1.82300841e-05,
       -4.83744205e-08, -3.18113255e-08, -9.02517444e-07,  5.24925849e-07,
        6.08515396e-06,  1.14963885e-06,  1.70497543e-06,  7.71770856e-06,
        1.05712940e-05,  1.73384429e-05,  1.25603875e-08,  1.66546337e-08,
        3.24120648e-07, -1.69600324e-07,  1.35604817e-06,  1.39189491e-06,
       -3.19653393e-06,  4.70437329e-06,  1.14550591e-05, -5.62272064e-05,
       -3.63362334e-08, -4.81767515e-08, -3.27154623e-07, -2.52974732e-07,
        2.17721427e-07, -1.65899734e-06,  3.58220944e-07, -4.83917470e-07,
       -6.56480395e-06, -1.93397310e-06], dtype=float64)]
cost = 0.0013471282895650238
fun = [ 0.00000000e+00  0.00000000e+00  0.00000000e+00  0.00000000e+00
  0.00000000e+00  0.00000000e+00  0.00000000e+00  0.00000000e+00
  0.00000000e+00  0.00000000e+00  0.00000000e+00  0.00000000e+00
  0.00000000e+00  0.00000000e+00  0.00000000e+00  0.00000000e+00
  0.00000000e+00  0.00000000e+00  0.00000000e+00  0.00000000e+00
  0.00000000e+00 -5.19062286e-02 -2.91038305e-06  0.00000000e+00
  0.00000000e+00  0.00000000e+00]
history = [[{'R_lmn': Array([ 1.02417859e-08, -8.22386891e-10,  5.40993524e-09, -3.50596343e-08,
       -1.80197537e-08,  4.51154483e-09,  4.14894418e-09, -1.22380407e-08,
        4.63722431e-08,  4.60092519e-10,  1.28692694e-08, -2.43277450e-08,
       -2.72223806e-09, -5.96397457e-09,  8.35324620e-09, -2.31329513e-08,
       -5.50652857e-10,  4.83600192e-09,  2.89063109e-09,  2.01942456e-08,
        0.00000000e+00,  2.72223807e-09,  1.81503036e-09, -1.52514077e-09,
        1.57855655e-09,  0.00000000e+00,  5.50652857e-10, -5.29609444e-09,
        2.25985312e-09,  4.44341418e-10, -2.18262635e-07,  6.27106578e-07,
       -5.38086551e-07,  2.62620703e-07,  1.39842364e-07, -7.32404530e-07,
       -3.99803644e-08,  6.09366511e-07,  1.90256348e-09, -4.37460123e-08,
       -1.93471630e-07,  3.63913936e-08,  3.83431462e-08,  5.16360643e-08,
       -8.88860494e-08, -4.85817284e-08,  9.55674951e-11,  2.47183374e-08,
        5.04700930e-08,  5.79037508e-08,  0.00000000e+00, -3.83431462e-08,
       -1.16556999e-08,  1.76060890e-08,  2.32109639e-09,  0.00000000e+00,
       -9.55674951e-11,  1.90276749e-08,  3.15917330e-09,  1.10028072e-08,
       -2.13854804e-07,  3.73926291e-07,  6.56872561e-07,  3.71673023e-07,
       -4.59753551e-07,  1.16455731e-07,  1.13132901e-07, -6.94674866e-07,
        3.19354939e-09,  2.33129386e-07,  5.37747487e-07, -2.90427860e-07,
       -9.41425853e-08, -1.46632739e-07,  5.32859594e-08, -1.19456439e-07,
       -4.97701425e-09, -1.85305823e-07, -5.82965141e-08, -1.76874689e-07,
        0.00000000e+00,  9.41425853e-08,  3.34998383e-08, -1.54836541e-08,
       -4.15553298e-08,  0.00000000e+00,  4.97701408e-09, -4.78235631e-08,
       -1.96974221e-08, -2.30794727e-08, -2.01969389e-06,  2.11883663e-06,
       -9.32152738e-07,  1.32687473e-06, -9.68898468e-10, -2.25379833e-06,
       -1.05793720e-07,  1.11508156e-06,  8.45185165e-07, -1.55233609e-07,
       -1.37821024e-07, -5.82138131e-08,  9.01789298e-08,  1.43626143e-07,
       -2.39471421e-07, -1.42857601e-07, -1.40005040e-08,  1.21825784e-07,
        1.16401060e-07,  1.75711814e-07,  0.00000000e+00, -9.01789298e-08,
       -3.78324225e-08,  5.65426011e-08, -9.50840681e-09,  0.00000000e+00,
        1.40005040e-08,  3.34078249e-08,  2.23888626e-08,  1.74636945e-08,
        8.77888558e-06, -1.44097597e-05,  5.77847590e-06, -6.74532448e-06,
        2.28677864e-07,  1.31182879e-05, -7.33433484e-07, -6.06660703e-06,
       -3.24313164e-06,  3.20545457e-07,  3.02554624e-07,  1.51631119e-06,
       -1.61490920e-07,  7.38929851e-07,  3.96936800e-07,  1.35303565e-06,
        8.41472881e-10, -3.76237909e-07, -3.70639426e-07, -2.26393042e-07,
        0.00000000e+00,  1.61490920e-07, -5.49636772e-09, -1.08805679e-07,
       -1.43465115e-07,  0.00000000e+00, -8.41472881e-10,  5.56924511e-08,
       -1.60593061e-07,  1.55364072e-09, -9.61247454e-05,  6.46142076e-05,
       -2.06663181e-05,  6.81936269e-05, -1.37881994e-06, -6.86273438e-05,
        3.74758180e-06,  2.30904263e-05,  2.91827913e-05, -1.69537562e-06,
        8.73944249e-07,  1.59619139e-06,  3.01962791e-07, -3.04992080e-06,
       -2.87153676e-06, -8.54371704e-07,  7.30460699e-08,  1.66657156e-06,
        4.56789783e-07,  2.21671493e-06,  0.00000000e+00, -3.01962791e-07,
       -6.97661006e-07,  4.47428513e-07, -3.97300999e-07,  0.00000000e+00,
       -7.30460699e-08,  2.88040594e-08,  4.80859052e-08,  2.00229892e-07,
       -1.24145727e-04,  2.23054615e-05, -2.66242063e-05,  1.30633075e-04,
        2.14456136e-05, -5.70850004e-05, -7.03463737e-06,  1.21795757e-05,
        2.75246167e-06, -6.65124542e-07, -1.61085438e-05,  3.37620624e-05,
        8.77902760e-07,  6.01839172e-06,  1.40114820e-05, -8.38098257e-06,
        5.17055843e-08,  8.23833441e-07, -5.32566864e-06,  5.51934550e-07,
        0.00000000e+00, -8.77902760e-07,  1.01624565e-06,  4.33148683e-07,
       -8.58827280e-07,  0.00000000e+00, -5.17055843e-08, -1.58708899e-07,
       -1.14011956e-08,  4.65542010e-07, -1.17257674e-04, -3.06675382e-05,
        1.07821004e-04,  9.76867408e-05, -8.04775436e-05,  1.32447446e-05,
       -8.80373440e-06, -1.00649308e-04,  2.89336170e-05,  5.24472256e-07,
        7.87772525e-05,  1.94496856e-05,  9.33847195e-07,  8.76308036e-06,
       -9.40569265e-06, -8.75898088e-06, -3.42905379e-08, -2.30468066e-06,
       -7.54889329e-07, -4.69979874e-07,  0.00000000e+00, -9.33847195e-07,
        4.06540452e-08,  2.23399589e-06, -6.03702915e-07,  0.00000000e+00,
        3.42905379e-08,  1.78020841e-06,  2.45518043e-06, -1.55691219e-06,
       -1.31717182e-03,  1.40520414e-04,  1.34676096e-04,  8.64828221e-04,
        2.69686430e-05, -2.75314957e-04, -3.67281511e-05, -1.58352885e-04,
        3.71506557e-04, -4.81047281e-06, -4.80494809e-05,  1.58842907e-04,
        1.17609109e-06,  3.09871372e-05,  2.25005624e-05,  1.06113235e-04,
        2.96494799e-06,  6.45078918e-07,  2.31157483e-05, -2.51444723e-05,
        0.00000000e+00, -1.17609109e-06,  5.74101391e-06,  1.17622705e-06,
       -2.52761904e-05,  0.00000000e+00, -2.96494799e-06,  4.16539389e-06,
       -2.03491041e-06,  1.09610788e-06, -5.90625451e-03,  2.14189044e-03,
        1.76305542e-03,  6.90193548e-03, -5.46194969e-04, -3.14725982e-03,
       -4.90804203e-04, -1.31553972e-03, -1.59144026e-03, -4.73143271e-05,
        8.38108091e-04,  7.03547974e-04,  2.71096068e-05,  5.19035364e-04,
       -5.83809919e-04,  7.35880290e-04, -1.48764773e-06,  4.69448643e-05,
       -3.12236168e-04,  3.24362077e-04,  0.00000000e+00, -2.71096068e-05,
       -2.82311609e-05,  1.36294221e-04, -1.40120999e-04,  0.00000000e+00,
        1.48764773e-06,  3.69462798e-07,  2.03230460e-05, -2.25406724e-05,
        6.11949226e+00, -4.57453924e-01, -1.63192451e-01,  5.57634483e-02,
       -5.01457277e-02, -5.10611217e-04,  4.23257213e-02, -5.51478327e-02,
       -2.22894758e-03,  6.86223970e-03,  1.23767929e-03,  4.66186909e-04,
        8.39037410e-04, -1.03395768e-04,  1.91804150e-03,  1.39147410e-04,
        5.16429455e-04, -4.41334060e-04, -6.43607947e-04,  9.87969042e-06,
        5.66888169e-04, -6.14841675e-04,  3.81758476e-04, -1.53744414e-04,
       -4.86812363e-06,  2.20982015e-04, -2.85734013e-04,  1.77421039e-04,
       -9.87969042e-06,  0.00000000e+00, -3.14549368e-05,  1.02621910e-04,
       -7.08523912e-05,  1.45970040e-05,  4.86812363e-06,  0.00000000e+00,
        5.97443262e-03, -1.91694321e-02, -6.84970714e-03, -1.94449918e-02,
       -7.51062904e-03,  4.04890488e-03, -3.41166086e-04, -4.41387558e-03,
       -9.26319344e-04,  1.17558726e-03, -3.27584764e-03, -7.11082181e-04,
        1.40145225e-03, -1.60459546e-03,  1.25094312e-03,  2.86584212e-05,
        5.38628889e-04, -8.33118317e-04,  7.30307775e-04,  1.01015367e-05,
       -1.74756234e-04,  4.52698784e-04, -3.28888628e-04, -2.00816962e-05,
       -1.21676954e-07, -3.41550458e-05,  6.00610796e-05, -1.92255937e-05,
       -1.01015367e-05,  0.00000000e+00, -1.02554056e-05,  1.07640688e-05,
        4.26485211e-06, -8.57672506e-06,  1.21676954e-07,  0.00000000e+00,
       -1.12946726e-04,  3.85300993e-04,  5.95519947e-05, -7.08695090e-05,
       -1.40349023e-04, -1.89776759e-04, -4.30667217e-05,  2.02334671e-04,
        8.75505760e-05, -2.21285636e-04,  1.59690144e-04, -1.31860131e-05,
        1.07135879e-04, -1.36310210e-04, -1.16300995e-04,  7.08282075e-06,
       -3.91881500e-05,  5.90667122e-05, -1.04919562e-05,  3.65962901e-06,
       -8.03900177e-06, -3.75229529e-06,  3.99318604e-05, -1.19598866e-05,
        9.24503060e-07,  1.55218163e-05, -2.89800969e-05,  2.36779693e-05,
       -3.65962901e-06,  0.00000000e+00, -2.63542384e-06,  8.59734364e-06,
       -1.11814416e-05,  4.87706584e-06, -9.24503060e-07,  0.00000000e+00,
        4.90817404e-05, -2.09765699e-04, -8.10733451e-06,  1.06287409e-04,
        6.83018710e-05,  2.38259297e-04, -5.18769474e-05, -2.37928343e-05,
       -1.99910231e-04,  1.24419034e-04, -2.06233874e-04,  1.86757884e-05,
        7.25797581e-06, -8.16112068e-05,  2.01459739e-04,  7.32626337e-07,
        2.00691574e-05, -3.29968268e-05, -2.11598282e-05,  1.67657641e-06,
        3.56768364e-06, -6.14971419e-07, -3.11428099e-06,  8.83419731e-08,
       -5.33809690e-07, -3.02436349e-06,  9.71403734e-07,  2.48403975e-06,
       -1.67657641e-06,  0.00000000e+00,  7.68820171e-08, -2.68396483e-07,
        1.56477292e-06, -8.20968310e-07,  5.33809690e-07,  0.00000000e+00,
       -4.45990395e-05,  2.24177043e-05, -1.41251220e-05,  7.39072480e-05,
       -1.07787039e-05, -2.82761893e-05,  4.34791697e-05, -5.34353809e-05,
        5.41045840e-07, -1.33663705e-05,  3.01862493e-05,  1.60429133e-06,
        1.46126186e-05, -1.99026207e-05, -3.23232310e-07, -1.16201532e-06,
        2.58048618e-06, -2.19788229e-06, -1.82998282e-06,  2.58565130e-07,
        1.22813366e-06, -1.89293987e-06,  6.58142201e-07,  1.25955049e-06,
        2.83844452e-07, -8.53116103e-07,  2.87822282e-07,  2.25691492e-07,
       -2.58565130e-07,  0.00000000e+00, -5.95760484e-07,  1.32369353e-06,
       -8.75955731e-07, -9.75351682e-08, -2.83844452e-07,  0.00000000e+00,
       -2.28622930e-05,  7.38026547e-06, -2.53820690e-06,  3.77378955e-05,
       -5.76282746e-06, -6.62993402e-06,  2.33479994e-05, -3.40341581e-05,
       -3.17995718e-06, -5.35533488e-06,  1.34332661e-05, -1.78008409e-06,
        2.66736262e-06, -3.63485410e-06,  2.08495164e-06,  6.44459026e-07,
        4.06506736e-06, -7.10859756e-06,  1.66273133e-06, -1.85825405e-07,
       -4.23677908e-07, -2.98367179e-07,  9.49920013e-07, -7.46884507e-07,
        1.24061154e-07, -3.27170496e-07,  3.05265494e-07,  1.17352758e-07,
        1.85825405e-07,  0.00000000e+00, -1.91184236e-07,  2.29483906e-07,
        1.45085526e-07,  1.02425481e-07, -1.24061154e-07,  0.00000000e+00,
       -2.87325267e-06,  1.53956300e-06, -7.05655132e-07,  3.56821529e-06,
        3.46315002e-07, -2.39242773e-06,  3.10220276e-06, -4.52262925e-06,
        1.57622037e-06, -2.43068754e-06,  3.48714359e-06, -5.29506072e-07,
        7.33935686e-07,  8.09771523e-07, -1.74448176e-06,  4.95146888e-07,
        3.58286502e-07, -8.38061945e-07,  4.15352547e-07, -1.81799538e-07,
       -2.17912365e-07,  1.09183662e-07,  2.74238742e-07, -4.02768150e-07,
       -2.51523229e-08,  1.86523039e-07, -2.56653911e-07,  1.14153525e-07,
        1.81799538e-07,  0.00000000e+00, -3.93182766e-08,  3.54587827e-08,
       -1.05977357e-07, -9.23787383e-08,  2.51523229e-08,  0.00000000e+00,
        4.65302575e-07,  1.04197852e-06,  1.50173902e-07, -2.08394550e-06,
        2.15390376e-07, -1.05559167e-06, -4.81346490e-07,  1.33454415e-06,
        1.63995191e-06, -8.34381751e-07,  4.98321935e-07, -7.34520282e-07,
       -1.35216658e-07,  7.68725679e-07, -1.59000485e-06, -1.06463945e-07,
       -4.11130317e-07,  5.68313399e-07,  7.73399704e-07,  1.50945620e-07,
        1.98169867e-08, -2.46506198e-08, -8.82874778e-08,  4.57929256e-08,
       -2.61186068e-08, -1.18568284e-08, -1.10436689e-08, -3.88794215e-08,
       -1.50945620e-07,  0.00000000e+00, -1.87303144e-08,  5.32629442e-09,
        3.83404141e-08,  6.06710197e-08,  2.61186068e-08,  0.00000000e+00,
       -2.57992885e-07,  2.26137880e-07, -8.27478258e-08,  3.88027702e-07,
       -9.55136457e-08, -4.45836847e-07,  2.76186029e-07, -2.95705152e-07,
       -2.47035325e-08, -1.70442057e-07,  3.86787554e-07,  2.62160321e-07,
        7.83886252e-08, -9.19535272e-08, -1.36038284e-08,  8.38029027e-09,
        2.90295596e-08,  5.26268509e-08, -2.31867852e-07, -2.21783942e-08,
       -1.16409711e-08, -1.38633048e-09,  4.17445292e-08,  3.29029414e-08,
       -4.52305369e-09,  1.07882627e-08,  6.42244267e-09, -3.02924692e-08,
        2.21783942e-08,  0.00000000e+00, -2.19297272e-09,  1.01730778e-09,
       -3.43716838e-09, -4.12832317e-08,  4.52305369e-09,  0.00000000e+00,
        3.47322332e-07, -3.09627265e-07,  7.46627099e-08, -3.81989083e-07,
        1.98225861e-07,  3.15092294e-07, -3.54135485e-07,  3.21522310e-07,
       -1.50310939e-07,  1.59891993e-07, -3.53337764e-07, -3.10170747e-08,
       -6.98882027e-08,  5.59446865e-08,  1.72689413e-07, -3.54891779e-09,
       -3.70779127e-08,  4.09585945e-08,  1.57340555e-08,  8.53103816e-09,
        2.44438345e-09,  2.04517541e-09, -2.43297115e-08, -1.69859519e-08,
        6.23477936e-09, -1.14126758e-08, -2.71312469e-09,  1.52830192e-08,
       -8.53103816e-09,  0.00000000e+00, -4.05737411e-10,  2.47691130e-09,
        1.95123657e-09,  2.05348696e-08, -6.23477936e-09,  0.00000000e+00,
        6.65944429e-09,  1.31926427e-08, -2.65407666e-09, -3.79232672e-09,
        5.49064973e-09, -2.72821599e-08, -8.39110480e-09,  2.25365200e-09,
        2.06137398e-08, -1.41819713e-08,  3.36375920e-08, -9.55062228e-09,
        2.88975725e-09,  9.12246942e-09, -3.17460565e-08, -9.11517477e-09,
       -3.65411207e-09, -1.31418927e-08,  1.14272536e-08,  2.43138148e-09,
        2.55945803e-09, -9.55704088e-09,  1.54555249e-08,  1.31387979e-08,
        3.86022047e-10, -8.47209079e-10,  6.78646054e-09, -1.87663129e-09,
       -2.43138148e-09,  0.00000000e+00, -1.06347811e-09,  1.97324618e-09,
       -4.32320823e-09, -4.02362318e-09, -3.86022047e-10,  0.00000000e+00],      dtype=float64), 'Z_lmn': Array([ 2.72183594e-08, -4.32476937e-08,  9.27649345e-09,  7.51971291e-08,
       -2.65438690e-08, -5.12635607e-08, -3.10203745e-08, -7.08366405e-08,
        3.73794920e-08,  1.14418982e-07,  6.92584888e-08, -1.77352976e-09,
       -9.67705759e-09, -1.41289077e-08, -4.06762750e-08,  1.43688823e-09,
       -4.30981651e-08, -9.45778491e-09,  5.90769517e-09,  3.38101161e-09,
        1.62959804e-09,  7.73823827e-09,  4.41328198e-09, -3.51745767e-09,
       -4.05396718e-09, -1.52925409e-09, -8.53714324e-09, -4.13416541e-09,
       -3.38101161e-09,  0.00000000e+00,  2.57298122e-09,  2.03018071e-09,
       -1.11649906e-09,  2.08056943e-09,  4.05396718e-09,  0.00000000e+00,
        4.36186845e-07, -1.05577069e-06, -1.54430879e-07,  6.24954633e-07,
        5.66235594e-07, -6.60991070e-07, -4.60752899e-07, -9.14009690e-07,
       -2.77121862e-08,  4.13368164e-07,  6.87898595e-07, -1.83779205e-08,
        1.51103724e-07,  2.42595862e-07, -3.88169542e-08, -5.33502724e-08,
        8.84271884e-08, -2.33331241e-08,  4.49270142e-08,  9.98390287e-09,
        2.15769697e-08,  4.34000944e-08,  6.26264723e-08,  5.96215480e-08,
        4.79191434e-09, -1.22602533e-08, -3.57440062e-09, -2.65490937e-08,
       -9.98390287e-09,  0.00000000e+00,  6.31623820e-09,  3.05910039e-09,
        3.90266813e-09, -6.27127555e-09, -4.79191434e-09,  0.00000000e+00,
        2.55675825e-07,  8.93113208e-07,  4.82687141e-07,  8.38076531e-07,
        3.93053763e-08,  7.08983259e-07, -1.76332363e-07, -1.48331170e-07,
        2.81460967e-07, -9.54866389e-07, -8.44170074e-07,  9.20042632e-08,
       -4.69886510e-07, -5.73299454e-07, -1.08956253e-07,  2.93317731e-07,
       -1.00002534e-08,  1.17215781e-07, -2.38916529e-07, -7.13071601e-08,
       -8.14595666e-08, -8.82720118e-08, -1.60041532e-07, -3.07117076e-07,
       -7.50113351e-09,  3.24480578e-08,  1.79710346e-08,  1.46912266e-07,
        7.13071601e-08,  0.00000000e+00, -1.06845258e-08, -2.81738956e-08,
       -1.24631814e-08,  1.37993450e-08,  7.50113351e-09,  0.00000000e+00,
        6.68774896e-07, -2.24419921e-06, -3.15443337e-07,  5.75588428e-07,
        1.40180785e-06, -4.00109098e-07, -7.60520801e-07, -1.40816023e-06,
       -6.66396327e-07,  7.74594627e-07,  2.65963013e-07, -1.27956055e-07,
        3.08586476e-07,  5.60385766e-07,  5.09714130e-07, -1.83442620e-07,
        5.06483222e-08,  2.01405555e-07,  1.54553323e-07,  6.83628187e-08,
        8.80770466e-08,  2.73587740e-07,  1.57923271e-07,  1.96235908e-07,
        8.55938906e-10,  1.71484173e-08, -6.72594706e-08, -2.65972678e-08,
       -6.83628187e-08,  0.00000000e+00,  1.05257191e-08, -1.40170155e-09,
       -1.24107402e-09, -1.27932883e-08, -8.55938906e-10,  0.00000000e+00,
       -6.34005226e-06,  4.40994708e-06,  1.33010350e-06, -3.46853306e-06,
       -1.56964084e-06, -1.85158259e-06,  6.31106405e-06,  6.66705338e-06,
        2.48409383e-06, -2.84456697e-06,  2.55984999e-06, -1.10577998e-06,
       -1.30794767e-06, -3.18740525e-06, -2.58729716e-06, -2.37066528e-08,
       -9.35279319e-08, -8.35823062e-07,  1.40593894e-06, -2.82661293e-08,
        7.61067085e-08, -3.69179212e-08, -4.42457316e-09, -5.52846971e-08,
       -1.80749455e-08,  9.77886591e-08,  1.27555658e-07, -3.00158958e-07,
        2.82661293e-08,  0.00000000e+00, -6.92743250e-08,  2.58028461e-08,
        1.07627896e-07,  7.89913500e-08,  1.80749455e-08,  0.00000000e+00,
        3.37103146e-05, -1.42352056e-04,  2.23375591e-06,  7.03038939e-05,
        1.25203760e-04, -2.06783097e-05, -3.24199769e-05, -7.08698835e-05,
        4.48588240e-07,  1.19568808e-05,  2.87927663e-05,  1.50735990e-06,
       -2.39236961e-06, -2.55453680e-06, -8.18182788e-07, -9.51692660e-07,
        5.27657025e-06, -8.66996186e-06, -1.10908440e-06,  1.74147011e-07,
       -1.29676027e-06,  3.11676618e-06,  2.04955045e-07,  1.07505604e-06,
        1.22262852e-08, -8.51551430e-08,  5.55505264e-07, -3.98275495e-07,
       -1.74147011e-07,  0.00000000e+00,  1.65036299e-07,  3.76028222e-09,
        1.64639503e-07, -1.23363384e-07, -1.22262852e-08,  0.00000000e+00,
       -8.11024209e-06, -2.34962559e-04,  5.19791743e-06,  2.96477422e-05,
        2.41231772e-04, -5.14171707e-05,  9.08615178e-06, -1.86489701e-05,
        1.18961952e-05, -2.32231036e-05,  5.22466476e-05, -3.65666634e-06,
       -5.16695609e-06, -1.05275077e-05, -1.83715746e-06, -1.11761254e-06,
        1.81449816e-05, -5.74006574e-06,  4.55344117e-06,  3.75995153e-07,
       -1.36422305e-06,  1.18817352e-06, -1.15701438e-05,  1.37092630e-06,
       -1.31421688e-07, -1.19109135e-06,  4.91058883e-06, -8.96774827e-07,
       -3.75995153e-07,  0.00000000e+00,  3.57352019e-07, -1.65943781e-06,
        1.51110599e-06, -2.53313762e-07,  1.31421688e-07,  0.00000000e+00,
       -3.77282254e-05, -5.61535942e-05, -3.62051243e-06, -1.53672756e-05,
        1.84227095e-04,  2.30028949e-05,  4.47026538e-05, -5.04294863e-06,
       -5.90057075e-05, -1.42459363e-04, -1.39766470e-05, -2.65269840e-05,
       -5.89290626e-06,  1.69454858e-05,  6.98162546e-05,  8.52195353e-06,
        1.32577237e-05, -1.10776684e-05,  2.73951083e-05,  2.22025919e-07,
        3.19398507e-06,  1.16124326e-06, -1.13340064e-05, -9.15483575e-06,
        1.40910479e-07,  1.12813858e-06,  2.05142055e-06, -8.68124273e-07,
       -2.22025919e-07,  0.00000000e+00, -6.54994733e-07,  2.30349519e-06,
        5.23459362e-07,  6.32882218e-07, -1.40910479e-07,  0.00000000e+00,
       -3.18567422e-04, -1.52987429e-03,  1.51417145e-04,  1.09629548e-04,
        1.41180885e-03, -1.28233444e-04,  2.34335136e-04, -2.93472452e-05,
       -8.18066962e-06,  7.04277353e-05,  1.68080255e-04, -3.39319318e-05,
       -3.11147650e-05, -1.19413428e-04,  6.68646956e-06,  2.59610869e-06,
        5.49268835e-05, -4.84064095e-05,  3.50735421e-05,  1.60452089e-06,
       -3.58618729e-05,  4.07974230e-05,  2.55920028e-06, -4.40870795e-06,
       -1.89432789e-07, -7.28917072e-06,  8.55959862e-06, -1.14161034e-06,
       -1.60452089e-06,  0.00000000e+00, -2.08221581e-07, -1.66629810e-06,
       -1.06500021e-06,  1.81259927e-06,  1.89432789e-07,  0.00000000e+00,
       -1.77332422e-03,  2.82201073e-03,  2.60668150e-03, -2.54623193e-03,
       -2.88397966e-03,  5.72567295e-04, -1.95409793e-03,  2.76066277e-03,
       -1.43783833e-04,  1.78631496e-04, -6.29054345e-04, -3.01615939e-04,
        1.30511076e-03, -4.12590878e-04,  3.25895813e-04, -6.67159388e-05,
       -8.43664328e-05,  4.40148786e-05,  3.08698532e-04,  2.88237634e-05,
       -2.02697152e-04,  2.21968003e-04, -1.84835691e-04,  5.68725235e-05,
       -2.17977302e-06, -3.22961369e-05,  1.24721714e-05, -7.08259299e-06,
       -2.88237634e-05,  0.00000000e+00,  1.83270444e-05, -2.38079617e-05,
        2.72371066e-06,  9.84341531e-06,  2.17977302e-06,  0.00000000e+00,
        5.49009153e-01, -2.60189724e-02,  1.02332522e-02, -7.97421328e-02,
        5.23945341e-03,  1.56430958e-02,  6.80789980e-04, -1.33840729e-02,
        2.57076429e-02,  1.13144881e-04, -5.75749082e-03,  7.23832180e-03,
        1.87066062e-06, -8.37952245e-04,  3.40459326e-03, -5.15192017e-03,
        8.02772407e-06, -1.44031194e-04,  5.75854408e-04, -9.01344370e-04,
        0.00000000e+00, -1.87066062e-06,  1.57162266e-04, -2.53772587e-04,
        1.77257360e-04,  0.00000000e+00, -8.02772407e-06,  3.08863129e-05,
       -5.78170047e-05,  3.88991367e-05,  3.19290340e-02, -2.85028668e-02,
        3.67534918e-03, -1.27366669e-02, -6.78299788e-04,  3.03232232e-03,
       -6.92688891e-05, -3.84672701e-03,  6.96599092e-03, -6.13846940e-06,
        7.65773645e-04,  5.38705441e-04, -1.68304867e-05,  5.59622713e-05,
        2.27957375e-04, -1.26136059e-03,  1.83229144e-06,  1.15879039e-05,
       -5.67477207e-05, -1.16805382e-04,  0.00000000e+00,  1.68304867e-05,
        1.33066178e-05, -5.65795455e-05,  1.03002539e-04,  0.00000000e+00,
       -1.83229144e-06, -5.44943449e-06, -3.07261362e-05,  4.86444021e-05,
        2.34676455e-05, -1.51498067e-04,  6.12255785e-04,  1.17954061e-04,
       -1.65076025e-04, -3.00709625e-05,  4.57012885e-05, -5.75211871e-04,
       -1.27021835e-04, -1.90336291e-05,  1.88256749e-04,  1.64282167e-04,
        4.54962815e-07, -5.93525474e-05, -2.56083432e-05, -7.40688242e-06,
       -2.29663418e-08,  2.02240952e-05, -1.92599843e-05,  6.90547770e-06,
        0.00000000e+00, -4.54962814e-07,  1.36512590e-05, -1.14355713e-05,
       -6.99298881e-06,  0.00000000e+00,  2.29663418e-08, -1.19046614e-06,
       -3.92073944e-06,  1.03813851e-05, -1.92541657e-04,  1.59222039e-04,
       -2.14238840e-04,  5.50473307e-05,  1.44014917e-04, -1.31857296e-04,
        3.70907659e-06,  2.05745815e-04,  1.25384578e-04, -3.29420638e-06,
       -1.55686249e-04, -6.08570066e-06, -5.41015820e-07,  1.13686427e-06,
        3.19345068e-06,  1.69768225e-05,  6.74159742e-07,  3.71103540e-06,
        1.28353250e-05, -2.18739448e-05,  0.00000000e+00,  5.41015820e-07,
       -4.84594086e-06,  5.29957469e-06, -4.86707339e-06,  0.00000000e+00,
       -6.74159742e-07, -4.16829023e-07, -1.16399248e-06,  5.94901759e-07,
       -8.02846539e-06, -6.39636166e-05,  1.09191450e-05,  5.38692465e-06,
        1.91625323e-05,  6.34571756e-05, -1.75978711e-05, -1.02984996e-05,
        7.05612147e-06,  2.66657742e-06, -1.81145361e-05, -2.44541834e-06,
       -5.73681663e-08,  1.97524558e-05, -3.89413714e-06, -2.31798494e-06,
        3.49736709e-08, -3.37353677e-06, -9.93023801e-07,  3.03459824e-06,
        0.00000000e+00,  5.73681663e-08, -2.15458471e-06,  3.27349176e-06,
       -2.09659578e-06,  0.00000000e+00, -3.49736709e-08,  7.06959347e-07,
       -5.49723933e-08, -8.27389079e-08, -4.68413185e-06, -3.91084709e-05,
        1.47847022e-05,  3.60387613e-06, -1.90983728e-06,  4.40841880e-05,
        1.95693059e-06, -1.53128301e-05,  3.06035493e-06, -3.00793631e-07,
        4.42726410e-06, -7.05143765e-06,  1.95063152e-07, -1.48026794e-06,
       -5.84465655e-07, -1.14569815e-06, -1.25315743e-07,  3.47369201e-07,
       -3.11186674e-06,  2.60511440e-06,  0.00000000e+00, -1.95063152e-07,
       -4.76662647e-07,  1.11259353e-06, -8.34401056e-07,  0.00000000e+00,
        1.25315743e-07, -4.65755700e-08,  5.94439921e-07, -5.29393773e-07,
        9.36834413e-07, -6.79804153e-06,  5.75815934e-06, -3.65798247e-07,
       -4.26181550e-06,  5.68962690e-06,  1.10192674e-06, -5.79065884e-06,
       -3.70501224e-07, -8.51738276e-07,  4.70414900e-06,  4.35617438e-07,
        1.97486704e-07, -1.12340634e-06,  1.00555359e-07, -1.40084436e-07,
       -1.86654565e-08,  9.72391241e-07, -5.28090963e-07,  7.00508291e-07,
        0.00000000e+00, -1.97486704e-07,  2.14795971e-08, -6.80558539e-08,
       -6.04505049e-08,  0.00000000e+00,  1.86654565e-08, -1.20652965e-07,
        8.57574579e-08, -2.77111023e-08,  2.14555283e-06, -3.10350549e-07,
        2.83800060e-06, -8.77601330e-07, -1.60531041e-06, -2.47817362e-07,
        8.51626787e-07, -2.22538172e-06, -1.07159970e-06,  1.54861556e-07,
        1.69373460e-06,  4.27261482e-07, -9.34647193e-08, -9.87383891e-07,
       -4.57171962e-07, -1.99390222e-07,  1.12308951e-08, -1.11735588e-07,
       -7.59428917e-08,  1.02613753e-07,  0.00000000e+00,  9.34647193e-08,
        1.35757104e-07, -1.55446917e-07,  3.03842017e-09,  0.00000000e+00,
       -1.12308951e-08, -4.31259677e-08, -1.24813012e-08,  2.82926766e-08,
        2.25528548e-07, -6.09750002e-07, -2.98270723e-09, -1.48974363e-07,
       -3.06278604e-07,  4.15866053e-07, -1.26905853e-07, -1.12715134e-07,
       -2.72149603e-08, -1.26267537e-07,  2.45628717e-07,  1.68084810e-07,
        1.23472295e-08,  1.42161105e-07,  1.28047232e-07, -1.50273041e-08,
        1.30897010e-08,  1.33451769e-07,  6.31733961e-08,  1.77359398e-08,
        0.00000000e+00, -1.23472295e-08, -1.52552519e-08, -1.23493911e-08,
       -3.43119207e-08,  0.00000000e+00, -1.30897010e-08, -7.18423267e-09,
       -2.52350956e-09,  8.06319885e-09, -8.45729174e-08,  7.04472361e-07,
       -1.43042015e-07, -7.53922428e-09,  1.85166670e-07, -6.23701287e-07,
        5.72966326e-08,  1.81692684e-07,  7.22543629e-08,  1.98357266e-08,
       -2.07432493e-07, -3.44734713e-08,  1.87435022e-09, -6.11136770e-08,
       -2.72390419e-08,  1.20233239e-08, -5.56843139e-09, -2.20355561e-08,
        3.37179714e-08, -5.21587534e-08,  0.00000000e+00, -1.87435022e-09,
        3.81704443e-09, -1.14116267e-08,  7.83445494e-09,  0.00000000e+00,
        5.56843139e-09,  2.19982951e-09, -1.14521484e-08,  5.86115073e-09,
        3.49705185e-08,  6.82040972e-09, -1.42400040e-08, -3.04109053e-08,
        2.24124321e-08, -1.30505880e-08, -9.65714843e-09, -1.39420355e-09,
       -1.18836785e-08,  5.69175608e-09, -2.53594342e-08,  1.31283605e-08,
       -2.11365364e-09,  7.71497384e-09,  1.48410888e-08,  7.95153801e-09,
        8.00493720e-10, -7.02606647e-09,  4.09387811e-09, -5.46714006e-09,
        0.00000000e+00,  2.11365364e-09,  1.94217459e-09,  7.93118763e-10,
       -6.27472786e-10,  0.00000000e+00, -8.00493720e-10,  1.33431039e-09,
       -1.14687598e-09, -1.43104226e-09], dtype=float64), 'L_lmn': Array([ 1.20904535e-07,  4.40008311e-08, -2.60489121e-07,  7.38565348e-08,
       -1.21669076e-07,  3.20509989e-08,  2.32423930e-07, -9.71764787e-08,
        2.53485659e-08,  1.52557080e-07, -1.65587341e-08,  2.23001564e-08,
       -9.64799022e-08,  3.77146364e-08, -4.11819864e-08,  1.26697921e-08,
       -1.03041254e-07,  5.60494532e-10,  4.31602699e-09, -9.31100720e-10,
       -1.49719704e-08, -2.04073200e-09, -5.67965965e-10, -2.99243264e-08,
       -5.22521617e-09,  3.34747683e-08, -1.71477989e-08,  1.46199862e-09,
       -5.76338513e-09, -3.02454662e-09,  2.27424385e-08, -4.50321664e-08,
       -1.49054697e-09,  1.02064303e-08,  5.46277782e-09,  3.14187763e-10,
       -4.62939542e-07,  9.17730377e-07, -5.55805914e-08, -1.60102027e-06,
       -2.78429230e-06, -1.14810060e-06, -2.88977449e-07,  5.36414328e-07,
       -6.54467696e-07,  1.23411650e-06,  8.46029787e-07, -4.30105168e-07,
        8.41859731e-07,  1.01055417e-06,  6.63531990e-07, -1.31129549e-07,
        6.87342389e-07,  3.15336454e-07,  4.66952557e-07, -1.81041234e-08,
       -2.58537180e-08,  1.16293970e-07, -5.30803931e-09,  1.89248818e-07,
        5.57939369e-09, -6.43291595e-08,  2.50093720e-08, -2.13682557e-08,
        4.80074199e-08, -5.65148504e-09, -2.12754706e-08, -7.89592459e-08,
        2.32554343e-08, -7.63681361e-08, -1.00204413e-08, -1.63123801e-09,
        1.10850013e-06,  4.95842306e-06,  2.79346777e-06,  6.15804588e-06,
        1.75217528e-06,  3.19436097e-06, -2.22973036e-06, -3.98214488e-06,
        2.17417831e-06, -5.83015150e-06, -2.72086701e-06,  1.69969845e-06,
       -1.79305341e-06, -2.32019018e-06, -2.33612318e-06,  6.45447643e-07,
       -1.01702628e-06, -5.16223779e-07, -1.89992683e-06,  2.02078500e-07,
        1.10723941e-07,  9.52835626e-08,  9.70073252e-08, -1.03731792e-06,
       -3.47095009e-09,  9.84336715e-08, -5.30419659e-08,  1.97391990e-07,
       -2.02126351e-07,  1.24786038e-08,  5.19034246e-08,  7.47851991e-08,
       -2.49190697e-08,  3.62226512e-07,  9.22421151e-09, -7.25033780e-10,
       -3.20530915e-06,  1.15609435e-06,  8.46154117e-07, -2.31475510e-06,
       -5.25836855e-06, -2.81387407e-06,  9.19336293e-07, -1.11675055e-06,
       -2.41795765e-06,  2.56253781e-06,  8.86513495e-07, -1.71649246e-06,
        1.46419809e-06,  3.18317986e-06,  2.02684382e-06, -3.12038128e-07,
        1.47337438e-06,  2.12259142e-06,  1.91357111e-06, -3.60966579e-07,
       -2.69100764e-08,  3.52234040e-07,  6.43517213e-07,  3.60922571e-07,
        5.66796097e-08,  8.11116258e-08, -4.43385262e-08, -2.71064532e-08,
        2.86699864e-07, -2.49738561e-09,  5.89528731e-09, -1.88572801e-07,
       -2.32274931e-07, -2.46077737e-07, -3.26166877e-08, -3.97172868e-09,
        1.63382199e-06, -3.76452454e-05, -4.02297469e-06, -9.61790271e-06,
        4.52161090e-05, -1.73478188e-06,  8.56819780e-06,  2.15862951e-05,
        1.46762042e-06, -2.87031834e-06,  7.93034108e-06, -5.13372975e-07,
       -6.76460662e-06, -1.22371685e-05, -1.46298881e-06, -1.07054512e-06,
       -5.56736354e-06, -7.41653607e-06,  2.40954589e-06, -3.49450555e-07,
        5.44024550e-07, -3.27939012e-07, -2.98609335e-07,  9.67838990e-07,
       -1.59195312e-07,  8.93842296e-07,  1.61860931e-06, -2.50181153e-06,
        1.94163560e-07,  1.15291463e-08,  3.09934555e-07,  6.22880394e-07,
       -2.62163694e-08,  1.88288005e-07,  1.74097608e-07,  5.61818737e-09,
       -2.06243361e-04, -3.38286537e-05,  1.95546822e-04, -2.80382238e-05,
        7.10151837e-05, -2.47142529e-05,  8.55202671e-07,  4.02865493e-05,
        3.63369495e-07, -4.86189964e-05,  3.43052998e-05, -2.85190263e-06,
        1.15579990e-05, -2.20518929e-05,  5.20451996e-06, -1.07782668e-06,
        1.16533103e-05, -1.22796959e-05,  5.44664465e-06,  1.86363104e-07,
       -3.10446742e-06,  9.74621815e-06, -8.45164992e-06,  9.54756973e-07,
       -3.46080182e-07,  1.34359136e-06,  4.28665410e-06, -1.45219306e-06,
        6.90547861e-07, -2.44342922e-08,  3.07875687e-07, -5.19779467e-07,
        2.01939153e-07, -1.37830548e-06, -8.38685095e-08, -1.20248835e-08,
       -5.44995924e-04, -6.06430580e-04,  5.14949067e-04, -3.30841178e-04,
        6.78284842e-04, -9.81318407e-05,  3.85062415e-05,  3.78077240e-04,
       -5.17247918e-05, -9.10376072e-05,  1.60026277e-04, -8.66822882e-06,
       -6.80759237e-06, -6.88754291e-05,  8.20768297e-05, -1.12312336e-05,
        2.37763716e-05, -7.03950140e-05,  2.40362344e-05, -4.51659561e-06,
       -4.83197575e-07,  2.71691788e-05, -3.86138217e-05,  1.40873750e-05,
       -1.02941898e-06, -3.58391731e-06,  8.63203677e-06, -1.38900710e-05,
        3.80894343e-07, -2.66648950e-07, -1.60467153e-06, -4.42328921e-06,
        1.28171750e-05, -5.39732333e-06,  1.05574772e-07, -1.22661895e-08,
       -2.91304496e-04, -2.86362156e-04,  4.03196816e-04,  4.12746074e-05,
        4.54445189e-04, -2.42272733e-04, -9.39228762e-05, -1.00179284e-05,
       -2.22420556e-04, -2.15176708e-04,  2.75773194e-04, -6.91998062e-05,
       -4.84043067e-05, -7.63530011e-05,  2.30193999e-04, -3.92560803e-05,
        2.56177894e-05,  1.57136059e-06,  1.51521683e-04,  6.08634159e-06,
        1.70043097e-05,  1.81513144e-05, -4.96769643e-05, -4.14969778e-06,
        7.28159000e-07,  2.51983906e-05,  2.61309573e-06, -2.55820085e-05,
        9.14158726e-06,  6.92202573e-07, -3.35077947e-06,  1.83692859e-05,
       -8.08753933e-06,  5.74633457e-06, -2.49823271e-06,  3.45548289e-07,
       -4.00136762e-03, -4.85255503e-03,  3.02394773e-03, -2.02232515e-03,
        5.29423956e-03, -2.88006637e-04,  1.45853428e-03,  2.40147908e-03,
       -5.51329134e-04, -8.34701004e-05,  7.73286581e-04,  5.29553479e-05,
       -1.08729399e-04, -4.77150292e-04,  1.09762057e-04, -7.83710832e-05,
       -1.85132268e-04, -1.90835809e-04,  2.50321032e-04, -7.73967206e-05,
       -2.91763989e-05,  4.46967954e-06,  6.73795716e-05,  8.76683479e-05,
       -1.67859398e-05, -5.11604979e-05,  7.66656353e-05, -5.68978238e-05,
        1.34523436e-05, -1.83721461e-06, -1.00041909e-04,  7.02279230e-05,
       -3.64232099e-05, -1.30182834e-05,  2.45555710e-06, -3.42418204e-07,
       -2.78535737e-03, -6.08343472e-03,  1.62429114e-03,  1.95686458e-02,
        3.16565471e-03, -1.29826011e-02,  4.38527268e-03, -9.76453834e-03,
       -2.22731414e-03,  9.41795537e-04,  5.60970495e-03,  3.84870630e-04,
       -2.10742780e-03,  3.30334677e-03, -1.95318078e-04,  3.09334971e-05,
        1.08741551e-03, -3.93157148e-04,  1.10323446e-03, -1.15722989e-04,
        4.82943235e-04, -1.56601474e-03,  5.71131026e-04,  3.73110920e-04,
       -2.21426624e-05,  9.07514288e-05,  3.52973549e-04, -3.51556604e-04,
        3.80379840e-05, -7.84958090e-07,  1.84735207e-04,  1.10496578e-04,
        1.40098278e-04, -1.78357822e-04,  2.20221122e-05,  2.74023400e-07,
        1.22348356e+00,  2.84299152e-01,  9.66122244e-02, -2.83131717e-01,
        3.59670383e-02, -1.16362074e-01,  1.26891504e-02, -5.89021464e-02,
        9.18446323e-02,  4.20306956e-03, -2.58763454e-02,  3.45160602e-02,
        9.82421169e-04, -8.35174700e-03,  1.13274548e-02, -1.66139448e-02,
        1.01317882e-04, -2.25026035e-03,  6.78655290e-03, -9.93733891e-03,
        5.82934385e-06, -4.37773629e-04,  1.74747060e-03, -3.06287654e-04,
       -5.05437933e-03,  9.19494654e-08, -6.21754836e-05,  9.45655543e-05,
        4.72381123e-04, -1.03703943e-03,  3.27968258e-04, -1.58357265e-02,
        5.21654056e-03,  9.72769385e-03, -1.38173036e-04,  1.00603690e-02,
       -1.58302930e-03,  5.28209883e-04,  1.46409186e-04, -5.22653729e-04,
        1.94955500e-03,  7.08810748e-04, -2.03575824e-06, -2.45687413e-05,
       -2.79533610e-04,  8.14215320e-04,  1.75406025e-06,  1.46905953e-04,
       -1.19104902e-03,  8.07063250e-04,  9.35253991e-07,  1.31602477e-04,
        2.14819209e-05, -5.14282104e-05, -1.23183783e-04,  2.17768626e-06,
       -2.67144896e-05, -2.27190228e-05,  2.41643609e-04, -3.26672438e-04,
        1.41435336e-03,  2.08297799e-03,  5.20102727e-04, -1.69735757e-03,
        5.16889203e-04, -2.36729636e-03, -1.59802539e-04, -1.10804636e-03,
        2.49555851e-04,  5.89250373e-05, -1.25330977e-04,  2.75803084e-04,
        3.24034846e-05, -1.39577869e-04,  3.04125554e-04,  5.70882341e-05,
        5.66396732e-06, -8.11262482e-05,  3.85785316e-05,  1.54355281e-05,
       -7.07163832e-07, -1.15605544e-05,  5.16744975e-05, -4.86453412e-05,
        4.03836233e-05,  2.40182206e-08,  1.49745209e-06, -6.66312204e-06,
        1.11690879e-05, -4.08561721e-05, -2.07966250e-04, -7.90898688e-04,
        1.74549298e-04, -1.07436667e-04,  1.94834819e-04,  6.94209785e-04,
        4.96689825e-05, -1.63762148e-04,  3.88414019e-04,  3.58226966e-05,
       -2.06646240e-04,  1.48091493e-04,  4.17079546e-06, -1.25723036e-04,
       -5.83536721e-05, -9.10962697e-05,  1.25515827e-06,  2.50332610e-05,
        3.71822503e-05, -6.12248566e-05,  1.24912255e-07, -5.20706389e-06,
        2.44689705e-05, -2.42876537e-05, -1.08874659e-05, -8.81844162e-08,
       -3.68994168e-07, -7.44202932e-06,  1.48371866e-05, -1.67239843e-05,
       -2.72545106e-04, -7.39597823e-05, -9.20809132e-06,  2.53718142e-04,
       -1.42621144e-05,  1.15136161e-04, -2.07285399e-05,  2.38035400e-05,
        1.42816908e-05, -9.96438956e-07,  1.82946965e-05, -5.01500193e-05,
        7.76410563e-07,  2.02618772e-05, -2.15646499e-05,  9.96894703e-06,
        3.02686972e-07,  1.87005677e-06, -3.77265614e-06,  1.37880542e-05,
        5.36365060e-07,  1.69093986e-06, -5.32761527e-06,  1.15912640e-05,
       -4.49933103e-06,  1.16524740e-07, -1.80956989e-07,  1.00707555e-06,
       -1.25223909e-06, -7.46786628e-07, -1.61363161e-04, -6.58755072e-05,
       -2.00981058e-06,  1.73471404e-04,  4.07572893e-06,  9.26594569e-05,
        3.62629882e-06,  1.63112852e-05, -1.61103109e-05,  9.30790091e-07,
        4.62483190e-06, -3.41844103e-05, -1.79823305e-07, -2.49042981e-06,
       -2.02601526e-05,  6.60311159e-06,  3.15595699e-07,  3.45570195e-07,
       -1.11338912e-05,  9.85782213e-06, -8.77333495e-09,  7.31219981e-08,
       -4.09155014e-06,  4.70561115e-06, -4.30911871e-06, -4.26923205e-08,
       -1.44660069e-07, -3.27244631e-07,  2.84004514e-06, -1.14225170e-06,
       -1.10015492e-05, -2.46238631e-06, -1.45395141e-06,  1.11438334e-05,
       -5.82389807e-06,  1.76070421e-06, -2.98096499e-06, -4.04353101e-07,
       -1.45242896e-06, -4.56667755e-07,  8.56299187e-06, -4.63241197e-07,
       -3.86256367e-07,  2.58739750e-06,  1.33118884e-06,  1.92185040e-06,
       -1.20582314e-08,  1.30168475e-06, -2.76401021e-06,  1.71423185e-06,
       -8.66234426e-08,  7.91214875e-07,  4.73401354e-07,  2.38700964e-07,
       -8.12239750e-07, -2.71720627e-08, -1.64497110e-09, -8.36676121e-07,
        3.30041401e-07, -1.98457034e-07,  7.87037112e-06,  1.01746101e-05,
        3.20220012e-07, -6.21043389e-06,  2.24874100e-06, -8.95092359e-06,
        1.87501281e-06,  3.70290679e-08, -1.84703965e-06,  2.72102775e-07,
       -2.00396502e-06, -1.00857635e-06,  3.27302964e-07, -2.09145220e-06,
       -2.92480940e-07,  2.44425299e-07, -9.50513674e-09, -3.47946569e-07,
       -4.15534868e-07, -2.14119391e-07,  9.99406891e-09, -2.23068432e-07,
       -2.60358712e-08, -2.51093073e-07, -3.12999164e-08,  5.53869915e-09,
       -2.96544901e-09,  2.04928109e-07, -8.24666586e-08, -3.72817413e-08,
       -1.77132175e-06, -8.29839995e-07, -8.68726383e-07,  1.00339587e-06,
       -1.44223316e-06,  3.03285670e-07, -9.66877954e-07,  4.25305517e-07,
        7.64707117e-07, -3.88590036e-07,  1.29436366e-06,  5.83015640e-07,
       -1.60682281e-07,  1.00953521e-06,  4.95125213e-07,  5.53812052e-08,
        1.18007700e-09,  5.83830087e-07,  2.53291735e-07, -6.25732772e-08,
       -4.68248081e-09,  1.11912573e-07, -1.10883702e-08,  2.08601824e-08,
       -3.03887034e-08,  2.95738249e-09,  2.57773737e-08, -1.21423070e-07,
       -5.57916317e-08, -4.19531641e-08,  2.27085711e-06,  7.99299493e-07,
        9.06164294e-07, -2.16259607e-06,  7.03868833e-07, -8.26343036e-07,
        3.56184807e-07, -9.35362146e-07,  4.53325309e-08,  1.42450807e-07,
       -8.04174619e-07,  1.18740356e-07,  3.19557347e-08, -4.16771484e-07,
        9.19542031e-08, -1.76222927e-07, -2.48662432e-09, -1.83804367e-07,
        1.22054182e-07, -1.11081394e-07,  4.70534973e-09, -6.74152542e-08,
        6.08168897e-08, -1.18597102e-07,  1.07165201e-08,  1.75145310e-09,
        6.37270724e-09,  4.03478284e-08, -3.13506477e-08,  1.74145698e-09,
        7.97535818e-08,  2.94066790e-08,  5.04890718e-08, -1.05027628e-07,
        3.51768604e-09, -9.28651710e-08,  4.00746291e-08, -8.83825842e-08,
        3.33516915e-09,  1.11569139e-10, -1.52204749e-08,  7.46176554e-08,
        1.73312400e-09, -6.23499077e-08,  6.61660422e-08,  4.31374996e-08,
        6.64914016e-09, -7.19353231e-09,  1.48426761e-09, -1.31470863e-08,
        1.94118793e-09,  1.07106055e-08,  4.33777582e-08, -4.31393927e-09,
       -3.19497958e-09, -1.04512992e-09, -1.18283428e-10,  6.01951591e-09,
        4.17928390e-09, -1.45321672e-08], dtype=float64), 'p_l': Array([ 100000., -200000.,  100000.,       0.,       0.,       0.],      dtype=float64), 'i_l': Array([0.49, 0.  , 0.  , 0.  , 0.  , 0.  ], dtype=float64), 'c_l': Array([], shape=(0,), dtype=float64), 'Psi': Array([1.], dtype=float64, weak_type=True), 'Te_l': Array([], shape=(0,), dtype=float64), 'ne_l': Array([], shape=(0,), dtype=float64), 'Ti_l': Array([], shape=(0,), dtype=float64), 'Zeff_l': Array([], shape=(0,), dtype=float64), 'a_lmn': Array([], shape=(0,), dtype=float64), 'Ra_n': Array([ 6.32476974e+00,  1.09170206e-02, -3.28104899e-04,  1.54495336e-06,
        2.16527753e-07,  1.24057022e-07,  2.20754442e-08,  7.54614216e-09,
        1.31043466e-08, -8.73753946e-09,  1.65559504e-09], dtype=float64), 'Za_n': Array([-4.34483416e-09, -5.97816759e-09, -4.23221036e-09, -7.33771629e-09,
        9.42369787e-08, -1.28451997e-08, -7.76626713e-07,  2.03368268e-05,
       -2.40188317e-04, -7.86023860e-03], dtype=float64), 'Rb_lmn': Array([ 0.   ,  0.   ,  0.   ,  0.   ,  0.   ,  0.   ,  0.   ,  0.   ,
        0.   ,  0.   ,  0.   ,  0.   ,  0.   ,  0.   ,  0.   ,  0.   ,
        0.   ,  0.   ,  0.   ,  0.   ,  0.   ,  0.   ,  0.   ,  0.   ,
        0.   ,  0.   ,  0.   ,  0.   ,  0.   ,  0.   ,  0.   ,  0.   ,
        0.   ,  0.   ,  0.   ,  0.   ,  0.   ,  0.   ,  0.   ,  0.   ,
        0.   ,  0.   ,  0.   ,  0.   ,  0.   ,  0.   ,  0.   ,  0.   ,
        0.   ,  0.   ,  0.   ,  0.   ,  0.   ,  0.   ,  0.   ,  0.   ,
        0.   ,  0.   ,  0.   ,  0.   ,  0.   ,  0.   ,  0.   ,  0.   ,
        0.   ,  0.   ,  0.   ,  0.   ,  0.   ,  0.   ,  0.   ,  0.   ,
        0.   ,  0.   ,  0.   ,  0.   ,  0.   ,  0.   ,  0.   ,  0.   ,
        0.   ,  0.   ,  0.   ,  0.   ,  0.   ,  0.   ,  0.   ,  0.   ,
        0.   ,  0.   ,  0.   ,  0.   ,  0.   ,  0.   ,  0.   ,  0.   ,
        0.   ,  0.   ,  0.   ,  0.   ,  6.   , -0.5  ,  0.   ,  0.   ,
        0.   ,  0.   ,  0.   ,  0.   ,  0.   ,  0.   ,  0.   ,  0.   ,
       -0.025, -0.025,  0.   ,  0.   ,  0.   ,  0.   ,  0.   ,  0.   ,
        0.   ,  0.   ,  0.   ,  0.   ,  0.   ,  0.   ,  0.   ,  0.   ,
        0.   ,  0.   ,  0.   ,  0.   ,  0.   ,  0.   ,  0.   ,  0.   ,
        0.   ,  0.   ,  0.   ,  0.   ,  0.   ,  0.   ,  0.   ,  0.   ,
        0.   ,  0.   ,  0.   ,  0.   ,  0.   ,  0.   ,  0.   ,  0.   ,
        0.   ,  0.   ,  0.   ,  0.   ,  0.   ,  0.   ,  0.   ,  0.   ,
        0.   ,  0.   ,  0.   ,  0.   ,  0.   ,  0.   ,  0.   ,  0.   ,
        0.   ,  0.   ,  0.   ,  0.   ,  0.   ,  0.   ,  0.   ,  0.   ,
        0.   ,  0.   ,  0.   ,  0.   ,  0.   ,  0.   ,  0.   ,  0.   ,
        0.   ,  0.   ,  0.   ,  0.   ,  0.   ,  0.   ,  0.   ,  0.   ,
        0.   ,  0.   ,  0.   ,  0.   ,  0.   ,  0.   ,  0.   ,  0.   ,
        0.   ,  0.   ,  0.   ,  0.   ,  0.   ,  0.   ,  0.   ,  0.   ,
        0.   ,  0.   ,  0.   ,  0.   ,  0.   ,  0.   ,  0.   ,  0.   ,
        0.   ,  0.   ,  0.   ,  0.   ,  0.   ], dtype=float64), 'Zb_lmn': Array([ 0.   ,  0.   ,  0.   ,  0.   ,  0.   ,  0.   ,  0.   ,  0.   ,
        0.   ,  0.   ,  0.   ,  0.   ,  0.   ,  0.   ,  0.   ,  0.   ,
        0.   ,  0.   ,  0.   ,  0.   ,  0.   ,  0.   ,  0.   ,  0.   ,
        0.   ,  0.   ,  0.   ,  0.   ,  0.   ,  0.   ,  0.   ,  0.   ,
        0.   ,  0.   ,  0.   ,  0.   ,  0.   ,  0.   ,  0.   ,  0.   ,
        0.   ,  0.   ,  0.   ,  0.   ,  0.   ,  0.   ,  0.   ,  0.   ,
        0.   ,  0.   ,  0.   ,  0.   ,  0.   ,  0.   ,  0.   ,  0.   ,
        0.   ,  0.   ,  0.   ,  0.   ,  0.   ,  0.   ,  0.   ,  0.   ,
        0.   ,  0.   ,  0.   ,  0.   ,  0.   ,  0.   ,  0.   ,  0.   ,
        0.   ,  0.   ,  0.   ,  0.   ,  0.   ,  0.   ,  0.   ,  0.   ,
        0.   ,  0.   ,  0.   ,  0.   ,  0.   ,  0.   ,  0.   ,  0.   ,
        0.   ,  0.   ,  0.   ,  0.   ,  0.   ,  0.   ,  0.   ,  0.   ,
        0.   ,  0.   ,  0.   ,  0.   ,  0.   ,  0.   ,  0.   ,  0.   ,
        0.   ,  0.   ,  0.   ,  0.   ,  0.   ,  0.   ,  0.   ,  0.   ,
        0.   ,  0.   ,  0.   ,  0.   ,  0.   ,  0.   , -0.004,  0.49 ,
        0.   ,  0.   ,  0.   ,  0.   ,  0.   ,  0.   ,  0.   ,  0.   ,
       -0.025,  0.025,  0.   ,  0.   ,  0.   ,  0.   ,  0.   ,  0.   ,
        0.   ,  0.   ,  0.   ,  0.   ,  0.   ,  0.   ,  0.   ,  0.   ,
        0.   ,  0.   ,  0.   ,  0.   ,  0.   ,  0.   ,  0.   ,  0.   ,
        0.   ,  0.   ,  0.   ,  0.   ,  0.   ,  0.   ,  0.   ,  0.   ,
        0.   ,  0.   ,  0.   ,  0.   ,  0.   ,  0.   ,  0.   ,  0.   ,
        0.   ,  0.   ,  0.   ,  0.   ,  0.   ,  0.   ,  0.   ,  0.   ,
        0.   ,  0.   ,  0.   ,  0.   ,  0.   ,  0.   ,  0.   ,  0.   ,
        0.   ,  0.   ,  0.   ,  0.   ,  0.   ,  0.   ,  0.   ,  0.   ,
        0.   ,  0.   ,  0.   ,  0.   ,  0.   ,  0.   ,  0.   ,  0.   ,
        0.   ,  0.   ,  0.   ,  0.   ,  0.   ,  0.   ,  0.   ,  0.   ,
        0.   ,  0.   ,  0.   ,  0.   ,  0.   ,  0.   ,  0.   ,  0.   ,
        0.   ,  0.   ,  0.   ,  0.   ], dtype=float64), 'I': Array([], shape=(0,), dtype=float64), 'G': Array([], shape=(0,), dtype=float64), 'Phi_mn': Array([], shape=(0,), dtype=float64)}], [{'R_lmn': Array([ 1.01223763e-08,  1.00137036e-09,  5.86943401e-09, -3.45665259e-08,
       -1.73800464e-08,  2.99951383e-09,  3.99640348e-09, -1.20091691e-08,
        4.63085203e-08,  4.61679412e-10,  1.18739941e-08, -2.44561564e-08,
       -2.64538667e-09, -5.74130725e-09,  7.79638075e-09, -2.31775695e-08,
       -5.67384029e-10,  4.72125667e-09,  3.34297284e-09,  1.98430161e-08,
        0.00000000e+00,  2.64538668e-09,  1.74490373e-09, -1.65664563e-09,
        1.31319867e-09,  0.00000000e+00,  5.67383918e-10, -5.18293608e-09,
        2.16307950e-09,  6.12256114e-10, -1.82504314e-07,  6.17490403e-07,
       -5.25740738e-07,  2.16970290e-07,  1.38864192e-07, -7.04213882e-07,
       -4.58603422e-08,  5.97781665e-07,  9.93791309e-09, -4.01123122e-08,
       -1.91827054e-07,  1.81615032e-08,  3.71216189e-08,  5.78335593e-08,
       -8.93155172e-08, -4.64186143e-08,  4.01130398e-10,  2.13710889e-08,
        4.91154648e-08,  5.83365280e-08,  0.00000000e+00, -3.71216189e-08,
       -1.19732172e-08,  1.72745896e-08,  2.01472549e-09,  0.00000000e+00,
       -4.01130398e-10,  1.87412233e-08,  3.84739647e-09,  1.02254486e-08,
       -2.74906926e-07,  3.93321316e-07,  6.28066091e-07,  4.57302545e-07,
       -4.55256488e-07,  7.54745947e-08,  1.22716364e-07, -6.77288770e-07,
       -1.29146538e-08,  2.28535377e-07,  5.33348484e-07, -2.66943977e-07,
       -9.26144913e-08, -1.56836926e-07,  6.41098852e-08, -1.27912526e-07,
       -5.62112346e-09, -1.80318033e-07, -5.74366073e-08, -1.79645681e-07,
        0.00000000e+00,  9.26144913e-08,  3.41205619e-08, -1.48872060e-08,
       -4.15684394e-08,  0.00000000e+00,  5.62112362e-09, -4.82173432e-08,
       -2.06553884e-08, -2.22062525e-08, -2.03178519e-06,  2.02111245e-06,
       -8.22517549e-07,  1.25166729e-06, -2.08212895e-08, -2.17729384e-06,
       -1.32670559e-07,  1.03158100e-06,  8.98446219e-07, -1.53039294e-07,
       -1.08223269e-07, -4.78595454e-08,  9.11279447e-08,  1.70274028e-07,
       -2.68638145e-07, -1.08786246e-07, -1.30918938e-08,  1.16603944e-07,
        1.06134560e-07,  1.86707216e-07,  0.00000000e+00, -9.11279447e-08,
       -3.76034685e-08,  5.95746968e-08, -9.54207712e-09,  0.00000000e+00,
        1.30918938e-08,  3.64353500e-08,  2.29099981e-08,  1.73337188e-08,
        8.12777048e-06, -1.40522618e-05,  5.57760006e-06, -6.06354862e-06,
        2.44122768e-07,  1.26709434e-05, -6.66783299e-07, -5.87659508e-06,
       -3.20769787e-06,  3.27596108e-07,  2.66375101e-07,  1.61830981e-06,
       -1.68381034e-07,  6.81471645e-07,  4.17321358e-07,  1.28719218e-06,
       -3.00582017e-10, -3.76445342e-07, -3.46568261e-07, -2.36920836e-07,
        0.00000000e+00,  1.68381034e-07, -1.46883453e-08, -1.18326341e-07,
       -1.43716168e-07,  0.00000000e+00,  3.00582017e-10,  4.88492341e-08,
       -1.63929608e-07, -7.06305910e-11, -9.67895928e-05,  6.49193960e-05,
       -2.13022740e-05,  6.85769430e-05, -9.86722838e-07, -6.90029148e-05,
        3.66927857e-06,  2.35445131e-05,  2.94012380e-05, -1.74524112e-06,
        5.22153026e-07,  1.61589235e-06,  3.28668738e-07, -2.95971563e-06,
       -2.70232789e-06, -7.91185919e-07,  7.13682065e-08,  1.70971653e-06,
        4.10393247e-07,  2.25672343e-06,  0.00000000e+00, -3.28668738e-07,
       -7.09562941e-07,  4.60088845e-07, -3.97402339e-07,  0.00000000e+00,
       -7.13682065e-08,  3.55245951e-08,  5.41765646e-08,  2.10903001e-07,
       -1.22875699e-04,  2.00010189e-05, -2.50720596e-05,  1.29920325e-04,
        2.10562392e-05, -5.52457632e-05, -7.15098348e-06,  1.07008049e-05,
        2.10035170e-06, -5.96431886e-07, -1.56466866e-05,  3.42465000e-05,
        8.45012723e-07,  6.10504262e-06,  1.39530070e-05, -8.30876379e-06,
        5.54515693e-08,  7.44198553e-07, -5.39155100e-06,  5.28609812e-07,
        0.00000000e+00, -8.45012723e-07,  1.04594086e-06,  4.18247693e-07,
       -8.36214053e-07,  0.00000000e+00, -5.54515693e-08, -1.47766667e-07,
       -1.80016054e-08,  4.69634513e-07, -1.19176177e-04, -2.60052758e-05,
        1.05049279e-04,  9.76061860e-05, -8.02982303e-05,  1.05797408e-05,
       -8.75756916e-06, -9.78801803e-05,  3.06229942e-05,  4.20316337e-07,
        7.82852634e-05,  1.74876816e-05,  9.82955476e-07,  8.81138057e-06,
       -9.36299218e-06, -8.42132499e-06, -2.91068341e-08, -2.21880516e-06,
       -4.59013163e-07, -5.12109404e-07,  0.00000000e+00, -9.82955476e-07,
       -5.38114100e-08,  2.19389309e-06, -6.31678334e-07,  0.00000000e+00,
        2.91068341e-08,  1.79848883e-06,  2.47198000e-06, -1.55003726e-06,
       -1.31809066e-03,  1.29077089e-04,  1.37985443e-04,  8.68613502e-04,
        2.83890890e-05, -2.69735340e-04, -3.66579163e-05, -1.63313822e-04,
        3.69212591e-04, -4.94483549e-06, -4.87001088e-05,  1.64624442e-04,
        1.19734861e-06,  3.08884456e-05,  2.38836813e-05,  1.05604545e-04,
        2.94813538e-06,  8.29339972e-07,  2.23069293e-05, -2.50114103e-05,
        0.00000000e+00, -1.19734861e-06,  5.76947071e-06,  1.44469816e-06,
       -2.53399758e-05,  0.00000000e+00, -2.94813538e-06,  4.11549551e-06,
       -1.99590944e-06,  1.04521891e-06, -5.90586149e-03,  2.14774965e-03,
        1.76937484e-03,  6.89516557e-03, -5.52865573e-04, -3.15017159e-03,
       -4.92708985e-04, -1.31774439e-03, -1.58965507e-03, -4.66933826e-05,
        8.44606424e-04,  7.00265727e-04,  2.70836122e-05,  5.20777702e-04,
       -5.87539492e-04,  7.40098499e-04, -1.47796438e-06,  4.62546414e-05,
       -3.11965375e-04,  3.24539116e-04,  0.00000000e+00, -2.70836122e-05,
       -2.80687170e-05,  1.35909049e-04, -1.39747505e-04,  0.00000000e+00,
        1.47796438e-06,  4.38741274e-07,  2.02245239e-05, -2.23829055e-05,
        6.11949417e+00, -4.57447713e-01, -1.63190709e-01,  5.57517013e-02,
       -5.01467196e-02, -5.18626059e-04,  4.23235148e-02, -5.51416302e-02,
       -2.22132634e-03,  6.85804087e-03,  1.24413781e-03,  4.65028919e-04,
        8.38387968e-04, -9.90515678e-05,  1.91119370e-03,  1.38843333e-04,
        5.15619481e-04, -4.40433237e-04, -6.42105485e-04,  9.94762359e-06,
        5.66137553e-04, -6.13584311e-04,  3.80888438e-04, -1.53478156e-04,
       -4.86387742e-06,  2.20772603e-04, -2.85078516e-04,  1.77076566e-04,
       -9.94762359e-06,  0.00000000e+00, -3.14975622e-05,  1.02564815e-04,
       -7.07557937e-05,  1.46348228e-05,  4.86387742e-06,  0.00000000e+00,
        5.97783881e-03, -1.91790799e-02, -6.84841362e-03, -1.94385055e-02,
       -7.51029611e-03,  4.06249376e-03, -3.44786973e-04, -4.41433796e-03,
       -9.44737797e-04,  1.18196468e-03, -3.28510703e-03, -7.08794006e-04,
        1.40010704e-03, -1.61015247e-03,  1.26806598e-03,  2.96591686e-05,
        5.41477231e-04, -8.36319430e-04,  7.27231776e-04,  1.00401594e-05,
       -1.74481538e-04,  4.52054671e-04, -3.27425695e-04, -2.09948630e-05,
       -1.60471270e-07, -3.40659142e-05,  5.89327007e-05, -1.84377698e-05,
       -1.00401594e-05,  0.00000000e+00, -1.02637255e-05,  1.09412653e-05,
        4.09751345e-06, -8.66430568e-06,  1.60471270e-07,  0.00000000e+00,
       -1.18271205e-04,  3.91608684e-04,  5.83806822e-05, -6.59469705e-05,
       -1.42464320e-04, -1.96226108e-04, -3.77384464e-05,  1.97183289e-04,
        9.17504148e-05, -2.25115902e-04,  1.65809238e-04, -1.45030821e-05,
        1.08355612e-04, -1.36066590e-04, -1.20125792e-04,  6.93061547e-06,
       -3.94909193e-05,  5.92374224e-05, -9.08769932e-06,  3.66895960e-06,
       -8.00153353e-06, -3.87145273e-06,  3.95856367e-05, -1.18347604e-05,
        9.56655724e-07,  1.54624577e-05, -2.88205520e-05,  2.35907814e-05,
       -3.66895960e-06,  0.00000000e+00, -2.72510921e-06,  8.70172461e-06,
       -1.12102599e-05,  4.90414493e-06, -9.56655724e-07,  0.00000000e+00,
        4.99146355e-05, -2.10063626e-04, -8.10064733e-06,  1.05485347e-04,
        6.86039349e-05,  2.38341899e-04, -5.27253714e-05, -2.25920300e-05,
       -2.00352019e-04,  1.24412744e-04, -2.06488708e-04,  1.86654673e-05,
        7.22749449e-06, -8.19255646e-05,  2.01768985e-04,  7.99631030e-07,
        2.00490527e-05, -3.27643833e-05, -2.12149574e-05,  1.71782941e-06,
        3.59584731e-06, -7.05584831e-07, -2.95410460e-06,  1.25976112e-08,
       -5.54260445e-07, -3.00210587e-06,  9.11193045e-07,  2.54949018e-06,
       -1.71782941e-06,  0.00000000e+00,  8.80414760e-08, -2.62167864e-07,
        1.53713838e-06, -8.12228641e-07,  5.54260445e-07,  0.00000000e+00,
       -4.45344987e-05,  2.16784124e-05, -1.39952158e-05,  7.42600439e-05,
       -1.07016601e-05, -2.72704502e-05,  4.34344282e-05, -5.37789510e-05,
       -1.47147509e-07, -1.28337893e-05,  2.94760811e-05,  1.65869089e-06,
        1.44943852e-05, -1.99433278e-05,  3.48465023e-07, -1.12492380e-06,
        2.71143076e-06, -2.48086954e-06, -1.88649431e-06,  2.24941460e-07,
        1.19760735e-06, -1.85549494e-06,  6.63191675e-07,  1.22766552e-06,
        2.93943992e-07, -8.54393759e-07,  2.75238659e-07,  2.27803417e-07,
       -2.24941460e-07,  0.00000000e+00, -5.96706249e-07,  1.31772989e-06,
       -8.64509188e-07, -1.02741721e-07, -2.93943992e-07,  0.00000000e+00,
       -2.36110539e-05,  7.97338425e-06, -2.81882646e-06,  3.88864286e-05,
       -5.99268066e-06, -7.37524080e-06,  2.40858644e-05, -3.48288937e-05,
       -2.98589249e-06, -5.69852733e-06,  1.41264744e-05, -1.79410408e-06,
        2.95309116e-06, -3.99464359e-06,  1.92229076e-06,  5.97488929e-07,
        4.05048220e-06, -7.05771438e-06,  1.67067795e-06, -1.60193325e-07,
       -4.08972587e-07, -3.09314281e-07,  9.27676348e-07, -7.02896513e-07,
        1.19455831e-07, -3.32658457e-07,  3.06480800e-07,  1.23426125e-07,
        1.60193325e-07,  0.00000000e+00, -2.00102607e-07,  2.46422919e-07,
        1.35925382e-07,  1.05407584e-07, -1.19455831e-07,  0.00000000e+00,
       -2.91847663e-06,  1.49489440e-06, -7.07206345e-07,  3.64978972e-06,
        3.44990672e-07, -2.29906930e-06,  3.15175767e-06, -4.59236502e-06,
        1.52516428e-06, -2.40823919e-06,  3.43705266e-06, -5.42027805e-07,
        7.39362429e-07,  7.97020694e-07, -1.71019876e-06,  5.10195273e-07,
        3.79378149e-07, -8.78132362e-07,  4.32045667e-07, -1.89358376e-07,
       -2.22537344e-07,  1.07695664e-07,  2.90238371e-07, -4.16393865e-07,
       -2.34191797e-08,  1.88975963e-07, -2.59850993e-07,  1.09982138e-07,
        1.89358376e-07,  0.00000000e+00, -4.28997765e-08,  3.78589481e-08,
       -1.05203885e-07, -9.38014077e-08,  2.34191797e-08,  0.00000000e+00,
        4.43244410e-07,  1.02469850e-06,  1.52290026e-07, -2.01784758e-06,
        2.17895637e-07, -1.04702319e-06, -4.58856962e-07,  1.27414486e-06,
        1.61131051e-06, -8.31066098e-07,  5.09485470e-07, -7.32172050e-07,
       -1.37889821e-07,  7.64831565e-07, -1.56243490e-06, -1.08533787e-07,
       -3.98681567e-07,  5.48241412e-07,  7.68474027e-07,  1.52126015e-07,
        1.95382377e-08, -2.56059932e-08, -8.64182410e-08,  4.63176058e-08,
       -2.59181318e-08, -1.28464717e-08, -1.07036939e-08, -3.63019770e-08,
       -1.52126015e-07,  0.00000000e+00, -1.83258896e-08,  4.47714817e-09,
        3.75426338e-08,  6.22161808e-08,  2.59181318e-08,  0.00000000e+00,
       -2.14262434e-07,  2.16304415e-07, -7.69700942e-08,  2.96701463e-07,
       -7.69248489e-08, -4.31065386e-07,  2.31040370e-07, -2.25225142e-07,
        4.06597372e-09, -1.69739394e-07,  3.58731197e-07,  2.50629650e-07,
        7.25258823e-08, -7.16870848e-08, -3.80504695e-08,  7.57029568e-09,
        1.92105743e-08,  6.67544417e-08, -2.19339355e-07, -2.11004033e-08,
       -1.03580585e-08, -7.11615801e-10,  3.75597904e-08,  3.34554000e-08,
       -4.78810888e-09,  1.11492534e-08,  5.57974761e-09, -3.12902950e-08,
        2.11004033e-08,  0.00000000e+00, -1.97566522e-09,  9.22379312e-10,
       -3.57529461e-09, -4.10256957e-08,  4.78810888e-09,  0.00000000e+00,
        3.47935434e-07, -3.02675114e-07,  7.79869671e-08, -3.92328309e-07,
        1.96430913e-07,  3.09492075e-07, -3.54224441e-07,  3.24437557e-07,
       -1.44156126e-07,  1.54196480e-07, -3.48155618e-07, -3.26232696e-08,
       -7.34353909e-08,  6.42086287e-08,  1.66162178e-07, -3.34532372e-09,
       -3.64321272e-08,  4.06538153e-08,  1.77392223e-08,  8.37497082e-09,
        1.98027717e-09,  1.80340038e-09, -2.45574267e-08, -1.70183153e-08,
        6.38853053e-09, -1.15201515e-08, -1.99027211e-09,  1.48840473e-08,
       -8.37497082e-09,  0.00000000e+00, -2.42845873e-10,  1.87872294e-09,
        2.55137507e-09,  2.03636390e-08, -6.38853053e-09,  0.00000000e+00,
        7.52318664e-09,  1.19685047e-08, -2.91928644e-09, -3.84752562e-09,
        6.39437649e-09, -2.72147425e-08, -9.25649811e-09,  2.75724137e-09,
        2.04834597e-08, -1.29463767e-08,  3.28231689e-08, -9.39329006e-09,
        3.22860024e-09,  8.25684530e-09, -3.16011921e-08, -9.05197129e-09,
       -4.49504249e-09, -1.22286830e-08,  1.12779818e-08,  2.46336801e-09,
        2.49920683e-09, -9.19897548e-09,  1.54165346e-08,  1.30925910e-08,
        3.47835454e-10, -9.21462002e-10,  6.62025656e-09, -1.88469172e-09,
       -2.46336801e-09,  0.00000000e+00, -1.07520915e-09,  2.03241444e-09,
       -4.29880218e-09, -4.04061966e-09, -3.47835454e-10,  0.00000000e+00],      dtype=float64), 'Z_lmn': Array([ 2.72478447e-08, -4.11227905e-08,  9.60274768e-09,  7.46542107e-08,
       -3.02770210e-08, -5.13220468e-08, -3.11729557e-08, -6.90715709e-08,
        3.76519780e-08,  1.15638231e-07,  6.78393786e-08, -2.30020256e-09,
       -9.90447662e-09, -1.55829758e-08, -4.09737805e-08,  1.94549876e-09,
       -4.26603933e-08, -7.79574294e-09,  6.27552462e-09,  3.12893003e-09,
        1.66261276e-09,  8.02773413e-09,  4.34622875e-09, -4.07608757e-09,
       -3.99323817e-09, -1.57802585e-09, -8.72158880e-09, -3.97532205e-09,
       -3.12893003e-09,  0.00000000e+00,  2.56422727e-09,  1.97260190e-09,
       -1.02442620e-09,  2.13058881e-09,  3.99323817e-09,  0.00000000e+00,
        4.42602142e-07, -9.89393811e-07, -1.47138388e-07,  6.42326437e-07,
        4.81336032e-07, -6.56248668e-07, -4.66432336e-07, -9.18993770e-07,
       -1.74821321e-08,  4.31862586e-07,  6.75598811e-07, -2.45240666e-08,
        1.44151779e-07,  2.31657851e-07, -4.90564416e-08, -4.91772805e-08,
        8.72677931e-08, -1.48502557e-08,  4.98290717e-08,  8.83674772e-09,
        2.08518692e-08,  4.16326747e-08,  6.32386136e-08,  5.49585699e-08,
        4.94503216e-09, -1.10725994e-08, -4.49988705e-09, -2.53050051e-08,
       -8.83674772e-09,  0.00000000e+00,  5.96493478e-09,  3.37680727e-09,
        3.29996008e-09, -5.78128934e-09, -4.94503216e-09,  0.00000000e+00,
        2.44358238e-07,  7.74594143e-07,  4.83281090e-07,  8.24505451e-07,
        1.89058048e-07,  6.97491316e-07, -1.65811699e-07, -1.36176359e-07,
        2.70104884e-07, -9.90522282e-07, -8.27784869e-07,  1.03784938e-07,
       -4.71001677e-07, -5.72417900e-07, -9.58930363e-08,  2.89445798e-07,
       -4.83775483e-09,  1.10411623e-07, -2.50559478e-07, -6.96007494e-08,
       -8.06943408e-08, -8.61662444e-08, -1.62648017e-07, -3.02549674e-07,
       -7.97093378e-09,  3.17078465e-08,  1.98819300e-08,  1.46774540e-07,
        6.96007494e-08,  0.00000000e+00, -1.01316114e-08, -2.97449466e-08,
       -1.15638300e-08,  1.31038761e-08,  7.97093378e-09,  0.00000000e+00,
        6.18164915e-07, -2.18826865e-06, -3.36261974e-07,  5.27464010e-07,
        1.32995293e-06, -3.81401171e-07, -7.09137982e-07, -1.38987667e-06,
       -6.76590653e-07,  7.81981572e-07,  2.59038298e-07, -1.62733664e-07,
        3.30552953e-07,  5.84371007e-07,  5.22398658e-07, -1.86261136e-07,
        5.86767130e-08,  1.88960682e-07,  1.93818534e-07,  6.77935076e-08,
        8.76272839e-08,  2.75256017e-07,  1.56215851e-07,  1.98791913e-07,
        1.63031024e-09,  1.76574299e-08, -6.65978080e-08, -3.10848703e-08,
       -6.77935076e-08,  0.00000000e+00,  9.05480434e-09,  2.78563650e-09,
       -2.02385655e-09, -1.25307762e-08, -1.63031024e-09,  0.00000000e+00,
       -6.16994182e-06,  3.21161032e-06,  1.42269246e-06, -2.99065309e-06,
       -2.61611445e-07, -2.03304475e-06,  6.14335951e-06,  6.29980504e-06,
        2.59958990e-06, -2.95354959e-06,  2.81098778e-06, -1.07667744e-06,
       -1.40459537e-06, -3.31657465e-06, -2.69591366e-06,  9.15009392e-10,
       -9.59196803e-08, -9.19930187e-07,  1.37402688e-06, -3.18185766e-08,
        7.45199678e-08, -1.18164797e-08, -1.70241026e-08, -8.43585397e-08,
       -2.03630317e-08,  9.94703984e-08,  1.41987162e-07, -2.97349436e-07,
        3.18185766e-08,  0.00000000e+00, -6.60347500e-08,  1.92391857e-08,
        1.13347861e-07,  8.34435304e-08,  2.03630317e-08,  0.00000000e+00,
        3.37857047e-05, -1.44055288e-04,  2.30978964e-06,  7.06889149e-05,
        1.26057429e-04, -2.12711356e-05, -3.24876286e-05, -7.10434205e-05,
        5.88269938e-07,  1.25887900e-05,  2.92951662e-05,  1.47183974e-06,
       -2.46486579e-06, -2.74631036e-06, -9.16691150e-07, -1.02256931e-06,
        5.48980757e-06, -8.59459076e-06, -1.05289342e-06,  1.92008003e-07,
       -1.30831921e-06,  3.10275237e-06,  1.53007683e-07,  1.15345504e-06,
        1.21031779e-08, -8.07383922e-08,  5.70560157e-07, -4.18946321e-07,
       -1.92008003e-07,  0.00000000e+00,  1.65319278e-07, -1.93638267e-09,
        1.75413528e-07, -1.30885728e-07, -1.21031779e-08,  0.00000000e+00,
       -9.50935647e-06, -2.32675676e-04,  5.12605890e-06,  2.73752875e-05,
        2.40133902e-04, -5.08480574e-05,  1.04349293e-05, -1.63947171e-05,
        1.18497220e-05, -2.43904848e-05,  5.16585493e-05, -3.91524900e-06,
       -5.09234888e-06, -1.04762548e-05, -1.63233301e-06, -1.01191866e-06,
        1.81230760e-05, -5.76338727e-06,  4.83268585e-06,  3.62956064e-07,
       -1.30383046e-06,  1.14234023e-06, -1.17418023e-05,  1.25686026e-06,
       -1.29780527e-07, -1.19081750e-06,  4.95289534e-06, -9.17436853e-07,
       -3.62956064e-07,  0.00000000e+00,  3.44547605e-07, -1.64665588e-06,
        1.52441329e-06, -2.44941607e-07,  1.29780527e-07,  0.00000000e+00,
       -3.50345527e-05, -5.91605441e-05, -2.82805633e-06, -1.10508774e-05,
        1.84529393e-04,  2.20435214e-05,  4.20184068e-05, -8.70444840e-06,
       -5.95014101e-05, -1.39989458e-04, -1.28131571e-05, -2.62525151e-05,
       -6.66599942e-06,  1.61116242e-05,  6.99634336e-05,  8.33576826e-06,
        1.34415573e-05, -1.11613620e-05,  2.71220064e-05,  2.40455459e-07,
        3.17443324e-06,  1.30319183e-06, -1.09434090e-05, -8.97715166e-06,
        1.40433978e-07,  1.17905202e-06,  1.93099777e-06, -8.69491294e-07,
       -2.40455459e-07,  0.00000000e+00, -6.64231537e-07,  2.34050982e-06,
        4.81385555e-07,  6.41383394e-07, -1.40433978e-07,  0.00000000e+00,
       -3.26960110e-04, -1.53262148e-03,  1.49658534e-04,  9.78912558e-05,
        1.41894957e-03, -1.26289220e-04,  2.42797930e-04, -1.89668297e-05,
       -7.39857959e-06,  6.66953665e-05,  1.65988530e-04, -3.38264322e-05,
       -2.94297784e-05, -1.17839861e-04,  6.33310768e-06,  2.78730720e-06,
        5.44070680e-05, -4.84746267e-05,  3.49100049e-05,  1.63196120e-06,
       -3.59285262e-05,  4.07153626e-05,  2.04693484e-06, -4.55875873e-06,
       -1.95714769e-07, -7.43052244e-06,  8.77531636e-06, -1.08357267e-06,
       -1.63196120e-06,  0.00000000e+00, -1.38049439e-07, -1.79992731e-06,
       -9.81462933e-07,  1.77145153e-06,  1.95714769e-07,  0.00000000e+00,
       -1.76838894e-03,  2.82974349e-03,  2.60451692e-03, -2.54291593e-03,
       -2.89302414e-03,  5.70538720e-04, -1.95882818e-03,  2.75386730e-03,
       -1.49264063e-04,  1.78575394e-04, -6.24306506e-04, -3.02863173e-04,
        1.30736556e-03, -4.08532737e-04,  3.30623544e-04, -6.65801728e-05,
       -8.27713422e-05,  4.12016776e-05,  3.10206436e-04,  2.88169122e-05,
       -2.02843757e-04,  2.21110781e-04, -1.83870553e-04,  5.66269799e-05,
       -2.19295148e-06, -3.25234013e-05,  1.25661083e-05, -7.34326315e-06,
       -2.88169122e-05,  0.00000000e+00,  1.81783990e-05, -2.35294097e-05,
        2.51107275e-06,  9.95319297e-06,  2.19295148e-06,  0.00000000e+00,
        5.49017476e-01, -2.60163321e-02,  1.02447904e-02, -7.97452529e-02,
        5.23628727e-03,  1.56407275e-02,  6.81845373e-04, -1.33938672e-02,
        2.57016983e-02,  1.13275916e-04, -5.75367806e-03,  7.23651667e-03,
        1.83452368e-06, -8.39206239e-04,  3.40283764e-03, -5.15128367e-03,
        8.01018403e-06, -1.44209291e-04,  5.75232389e-04, -8.99816191e-04,
        0.00000000e+00, -1.83452368e-06,  1.57360866e-04, -2.53760798e-04,
        1.77362154e-04,  0.00000000e+00, -8.01018403e-06,  3.09333749e-05,
       -5.78416001e-05,  3.89040857e-05,  3.19219830e-02, -2.84865855e-02,
        3.66747313e-03, -1.27380040e-02, -6.63698732e-04,  3.02143471e-03,
       -7.04353098e-05, -3.84455845e-03,  6.97092101e-03, -6.30926778e-06,
        7.51513371e-04,  5.33798262e-04, -1.67608587e-05,  5.73882030e-05,
        2.32940637e-04, -1.25756205e-03,  1.90307419e-06,  1.18040056e-05,
       -5.71799703e-05, -1.17057802e-04,  0.00000000e+00,  1.67608587e-05,
        1.30471068e-05, -5.58553196e-05,  1.02662051e-04,  0.00000000e+00,
       -1.90307419e-06, -5.49473781e-06, -3.06346678e-05,  4.84103583e-05,
        2.66107445e-05, -1.62914101e-04,  6.18757363e-04,  1.17759074e-04,
       -1.68100906e-04, -1.97584644e-05,  4.57950638e-05, -5.80904092e-04,
       -1.29043447e-04, -1.91794875e-05,  1.91854989e-04,  1.64654491e-04,
        4.59188154e-07, -5.93959075e-05, -2.66076439e-05, -8.09165252e-06,
       -5.17046974e-08,  2.03323766e-05, -1.98599929e-05,  7.66321788e-06,
        0.00000000e+00, -4.59188154e-07,  1.36008437e-05, -1.12456270e-05,
       -7.23471931e-06,  0.00000000e+00,  5.17046974e-08, -1.15288913e-06,
       -3.89408986e-06,  1.03548563e-05, -1.92057565e-04,  1.61042305e-04,
       -2.13411385e-04,  5.46932028e-05,  1.44108221e-04, -1.33946789e-04,
        3.78896109e-06,  2.04800353e-04,  1.25051093e-04, -3.26439170e-06,
       -1.55741481e-04, -5.85408696e-06, -5.66018605e-07,  1.02100174e-06,
        3.35126338e-06,  1.72051299e-05,  6.85835645e-07,  3.71066398e-06,
        1.27730157e-05, -2.18452001e-05,  0.00000000e+00,  5.66018605e-07,
       -4.80996283e-06,  5.25976832e-06, -4.89186101e-06,  0.00000000e+00,
       -6.85835645e-07, -4.46272273e-07, -1.13975542e-06,  6.03771385e-07,
       -8.91788570e-06, -6.35630651e-05,  9.95912459e-06,  5.62098376e-06,
        1.96353138e-05,  6.34863080e-05, -1.75438645e-05, -9.45297433e-06,
        7.64467312e-06,  2.57475083e-06, -1.86067462e-05, -2.79772576e-06,
       -2.91448909e-08,  1.97169426e-05, -3.79732722e-06, -2.26849103e-06,
        3.08599583e-08, -3.27732792e-06, -9.73263892e-07,  2.97379413e-06,
        0.00000000e+00,  2.91448909e-08, -2.17307811e-06,  3.29117696e-06,
       -2.07928015e-06,  0.00000000e+00, -3.08599583e-08,  7.02577092e-07,
       -5.53037103e-08, -9.93112908e-08, -4.47215449e-06, -4.04660526e-05,
        1.54069328e-05,  3.63523988e-06, -1.92140546e-06,  4.52238676e-05,
        1.85130854e-06, -1.58817411e-05,  2.95787580e-06, -2.21886242e-07,
        4.46648933e-06, -6.91125553e-06,  1.75676493e-07, -1.36823189e-06,
       -6.76613963e-07, -1.23630743e-06, -1.23291885e-07,  2.58425151e-07,
       -3.13796239e-06,  2.67948150e-06,  0.00000000e+00, -1.75676493e-07,
       -4.83076658e-07,  1.15142221e-06, -8.84653763e-07,  0.00000000e+00,
        1.23291885e-07, -3.65389081e-08,  5.92878520e-07, -5.26040980e-07,
        8.41529168e-07, -6.90375685e-06,  5.81824274e-06, -3.24025331e-07,
       -4.31980742e-06,  5.82254682e-06,  1.14158414e-06, -5.83491295e-06,
       -3.13321846e-07, -8.74064707e-07,  4.77982275e-06,  4.07399082e-07,
        2.01702827e-07, -1.16023486e-06,  8.19412512e-08, -1.41711487e-07,
       -1.85515441e-08,  9.98893738e-07, -5.49815445e-07,  7.03068961e-07,
        0.00000000e+00, -2.01702827e-07,  1.86507163e-08, -6.52710476e-08,
       -6.24705041e-08,  0.00000000e+00,  1.85515441e-08, -1.24829031e-07,
        8.98001168e-08, -2.92580179e-08,  2.12402486e-06, -3.15281831e-07,
        2.82485343e-06, -8.76235771e-07, -1.57168081e-06, -2.25309055e-07,
        8.51368324e-07, -2.22728974e-06, -1.05627762e-06,  1.52729653e-07,
        1.66127775e-06,  4.07390325e-07, -9.27120728e-08, -9.87108390e-07,
       -4.44588513e-07, -1.93027097e-07,  1.04583964e-08, -1.09254567e-07,
       -7.64879639e-08,  1.06304541e-07,  0.00000000e+00,  9.27120728e-08,
        1.35740067e-07, -1.52975176e-07,  1.51563085e-09,  0.00000000e+00,
       -1.04583964e-08, -4.34750863e-08, -1.31089765e-08,  2.68960207e-08,
        2.44058865e-07, -5.55764782e-07,  1.94357740e-09, -1.57499605e-07,
       -3.29761359e-07,  3.43983328e-07, -1.18722740e-07, -1.07956988e-07,
       -3.95813043e-08, -1.23934580e-07,  2.66183882e-07,  1.87815416e-07,
        1.11028247e-08,  1.32675000e-07,  1.22073914e-07, -1.51643525e-08,
        1.34592188e-08,  1.31220002e-07,  6.62165668e-08,  1.47824665e-08,
        0.00000000e+00, -1.11028247e-08, -1.39522595e-08, -1.60605038e-08,
       -3.18136030e-08,  0.00000000e+00, -1.34592188e-08, -7.28542185e-09,
       -2.63908989e-09,  9.18357160e-09, -7.36491212e-08,  7.04049028e-07,
       -1.37520462e-07, -1.16270866e-08,  1.77640220e-07, -6.23712162e-07,
        6.17907643e-08,  1.76410571e-07,  6.52812864e-08,  1.76099446e-08,
       -2.00792930e-07, -3.43370734e-08,  2.21491702e-09, -6.61275696e-08,
       -2.66688882e-08,  1.18873198e-08, -5.64235547e-09, -1.93239757e-08,
        3.47527499e-08, -5.17007545e-08,  0.00000000e+00, -2.21491702e-09,
        4.33680528e-09, -1.22212202e-08,  8.10760157e-09,  0.00000000e+00,
        5.64235547e-09,  1.71403111e-09, -1.16000400e-08,  5.70096208e-09,
        3.50277936e-08,  6.85700659e-09, -1.47295121e-08, -3.05828856e-08,
        2.23265720e-08, -1.33135150e-08, -9.44443858e-09, -5.05200064e-10,
       -1.09849835e-08,  5.73295470e-09, -2.53922167e-08,  1.36859392e-08,
       -2.08550325e-09,  7.51357356e-09,  1.44803059e-08,  7.17428959e-09,
        8.18465689e-10, -7.14823085e-09,  4.24193427e-09, -5.92043792e-09,
        0.00000000e+00,  2.08550325e-09,  1.93086502e-09,  7.54406213e-10,
       -6.34214053e-10,  0.00000000e+00, -8.18465689e-10,  1.41527615e-09,
       -1.17628959e-09, -1.30899290e-09], dtype=float64), 'L_lmn': Array([ 1.19654283e-07,  4.60466620e-08, -2.57094663e-07,  7.67060136e-08,
       -1.20533874e-07,  3.47666654e-08,  2.29740985e-07, -9.98523802e-08,
        2.59326451e-08,  1.46740193e-07, -2.07900451e-08,  2.22729769e-08,
       -9.61558991e-08,  3.65739953e-08, -4.27754964e-08,  1.32325292e-08,
       -9.97816156e-08,  2.07006606e-09,  3.53473628e-09, -1.35761650e-09,
       -1.47235698e-08, -6.52087989e-10,  4.61721937e-11, -3.06891318e-08,
       -5.05174800e-09,  3.26912455e-08, -1.65107417e-08,  1.90692202e-09,
       -5.51470819e-09, -3.11150644e-09,  2.19398750e-08, -4.52268464e-08,
       -8.29573012e-10,  1.03385756e-08,  5.27827263e-09,  3.62267539e-10,
       -2.66979160e-07,  1.14899947e-06, -2.51096738e-07, -1.45506193e-06,
       -3.00947056e-06, -1.07421628e-06, -2.80837794e-07,  3.73742065e-07,
       -6.42355022e-07,  1.24689826e-06,  7.52141637e-07, -4.17746796e-07,
        8.31321326e-07,  1.03285482e-06,  6.37972650e-07, -1.26456907e-07,
        6.64498233e-07,  3.38748365e-07,  4.49680378e-07, -1.49918649e-08,
       -2.38808596e-08,  1.07855771e-07,  1.12621212e-08,  1.82241624e-07,
        5.02665168e-09, -6.03526920e-08,  2.07888064e-08, -1.58853322e-08,
        4.49134011e-08, -5.71609246e-09, -2.08336833e-08, -7.71267371e-08,
        2.01664777e-08, -7.29678076e-08, -9.92133700e-09, -1.73750926e-09,
        7.64868603e-07,  4.57853758e-06,  3.17787250e-06,  5.92256620e-06,
        2.22448201e-06,  3.09896718e-06, -2.25314012e-06, -3.70864368e-06,
        2.17112904e-06, -5.94236774e-06, -2.59666183e-06,  1.69996609e-06,
       -1.81280922e-06, -2.37473305e-06, -2.31762123e-06,  6.46339714e-07,
       -9.95412069e-07, -5.49713171e-07, -1.89649193e-06,  1.98212390e-07,
        1.12921043e-07,  1.16216928e-07,  7.79696322e-08, -1.03803046e-06,
       -2.67202136e-09,  9.78840137e-08, -4.78732832e-08,  1.94307078e-07,
       -2.00008950e-07,  1.27470362e-08,  5.23472212e-08,  6.98897949e-08,
       -2.46195842e-08,  3.59684386e-07,  8.92340253e-09, -5.06599914e-10,
       -3.12473279e-06,  9.45385763e-07,  4.93564071e-07, -2.22989629e-06,
       -5.38999891e-06, -2.88095286e-06,  1.11167837e-06, -1.24104894e-06,
       -2.56493463e-06,  2.89749230e-06,  9.60103424e-07, -1.81343163e-06,
        1.55463793e-06,  3.23777199e-06,  2.18279204e-06, -3.48924961e-07,
        1.48298972e-06,  2.11266492e-06,  2.03817621e-06, -3.69772559e-07,
       -3.71437826e-08,  3.32366273e-07,  6.42085772e-07,  4.11670962e-07,
        5.59115045e-08,  7.35588051e-08, -3.84973450e-08, -6.42669515e-08,
        2.99047201e-07, -3.72532536e-09,  6.50260277e-09, -1.73183044e-07,
       -2.24948443e-07, -2.57013378e-07, -3.19850617e-08, -4.46422220e-09,
       -6.54142235e-07, -3.89104970e-05, -1.19779296e-06, -1.02558634e-05,
        4.78991180e-05, -1.75930239e-06,  8.35951036e-06,  2.28906503e-05,
        1.82514276e-06, -4.24052859e-06,  8.23863408e-06, -2.91835053e-07,
       -7.12576025e-06, -1.30336289e-05, -1.75158218e-06, -9.98309228e-07,
       -5.65995481e-06, -7.75987104e-06,  2.19791226e-06, -3.10080128e-07,
        5.53116713e-07, -2.06337469e-07, -4.39124798e-07,  8.26476819e-07,
       -1.65002959e-07,  9.67293010e-07,  1.69977946e-06, -2.48915039e-06,
        1.63457145e-07,  1.32096203e-08,  3.30525573e-07,  5.95339624e-07,
       -2.67404683e-08,  2.27195964e-07,  1.74507491e-07,  5.53486475e-09,
       -2.08823840e-04, -3.69354074e-05,  1.96438650e-04, -3.11743692e-05,
        7.29898563e-05, -2.55086588e-05,  2.07021562e-06,  4.28203641e-05,
       -1.06417431e-07, -4.76413563e-05,  3.52450310e-05, -3.21405967e-06,
        1.20641542e-05, -2.14524759e-05,  5.82282699e-06, -1.17498088e-06,
        1.18593191e-05, -1.24574879e-05,  5.82372602e-06,  9.09370984e-08,
       -3.11224074e-06,  9.80092945e-06, -8.53848691e-06,  1.17354606e-06,
       -3.46587686e-07,  1.25510359e-06,  4.26341924e-06, -1.52116457e-06,
        7.44960672e-07, -2.63039143e-08,  2.88579772e-07, -5.01147172e-07,
        2.80124773e-07, -1.49623213e-06, -8.53385049e-08, -1.19720017e-08,
       -5.44917060e-04, -6.13302052e-04,  5.14924199e-04, -3.31442580e-04,
        6.85033820e-04, -9.88169116e-05,  3.88666825e-05,  3.79922854e-04,
       -5.27433143e-05, -9.09152158e-05,  1.61557658e-04, -8.85413608e-06,
       -7.38864194e-06, -7.02747191e-05,  8.33906311e-05, -1.14842600e-05,
        2.37928843e-05, -7.11809655e-05,  2.46457888e-05, -4.43014459e-06,
       -3.35909330e-07,  2.71582835e-05, -3.92362540e-05,  1.41270129e-05,
       -1.01463239e-06, -3.47030795e-06,  8.88113625e-06, -1.42313248e-05,
        4.15517324e-07, -2.60314882e-07, -1.60510476e-06, -4.41737375e-06,
        1.29175748e-05, -5.31845827e-06,  9.56686746e-08, -1.17046619e-08,
       -2.87398878e-04, -2.68325960e-04,  3.99602862e-04,  4.40739741e-05,
        4.39768288e-04, -2.43061675e-04, -9.49953886e-05, -1.38341801e-05,
       -2.22279013e-04, -2.18614870e-04,  2.74876706e-04, -7.00773147e-05,
       -4.78493928e-05, -7.52914217e-05,  2.29974465e-04, -3.88327577e-05,
        2.54073023e-05,  2.83514834e-06,  1.51672760e-04,  5.83010586e-06,
        1.72785138e-05,  1.84110784e-05, -4.91072874e-05, -3.96809863e-06,
        6.38010942e-07,  2.54029914e-05,  2.25195893e-06, -2.49776638e-05,
        9.18439653e-06,  6.79636248e-07, -3.53412793e-06,  1.84400753e-05,
       -8.56151867e-06,  5.62402141e-06, -2.45770056e-06,  3.43739688e-07,
       -4.03474439e-03, -4.93108771e-03,  3.04393317e-03, -2.05140067e-03,
        5.35958798e-03, -2.91590669e-04,  1.47515608e-03,  2.43083616e-03,
       -5.50434235e-04, -6.81110589e-05,  7.79554020e-04,  5.37438283e-05,
       -1.11149542e-04, -4.76422263e-04,  1.10917422e-04, -7.93358098e-05,
       -1.86464092e-04, -1.94195098e-04,  2.48025501e-04, -7.68181570e-05,
       -2.99247671e-05,  2.31641937e-06,  6.88071409e-05,  8.69817753e-05,
       -1.65883001e-05, -5.11705868e-05,  7.75825170e-05, -5.75346635e-05,
        1.34043811e-05, -1.80749550e-06, -1.00370919e-04,  7.03647198e-05,
       -3.58040039e-05, -1.30689937e-05,  2.31161338e-06, -3.42002429e-07,
       -2.75638762e-03, -6.02606786e-03,  1.59962388e-03,  1.95860567e-02,
        3.09668446e-03, -1.29929634e-02,  4.36166575e-03, -9.79608036e-03,
       -2.25845301e-03,  9.47509116e-04,  5.64086987e-03,  3.80050289e-04,
       -2.08634059e-03,  3.31541511e-03, -1.76390845e-04,  3.08623515e-05,
        1.09843495e-03, -3.93271688e-04,  1.10911189e-03, -1.16918979e-04,
        4.79026464e-04, -1.57036692e-03,  5.64675104e-04,  3.76254700e-04,
       -2.23279622e-05,  8.07217608e-05,  3.55564429e-04, -3.53025218e-04,
        3.80257701e-05, -8.35351669e-07,  1.90397696e-04,  1.14216624e-04,
        1.38517605e-04, -1.78354075e-04,  2.22430429e-05,  2.72242498e-07,
        1.22351947e+00,  2.84345250e-01,  9.66186173e-02, -2.83164367e-01,
        3.59768929e-02, -1.16424689e-01,  1.26985518e-02, -5.89176806e-02,
        9.17929891e-02,  4.20755668e-03, -2.58783508e-02,  3.44908861e-02,
        9.81894192e-04, -8.35110024e-03,  1.13182805e-02, -1.65988076e-02,
        1.01100820e-04, -2.25081800e-03,  6.78245034e-03, -9.93236487e-03,
        5.80685277e-06, -4.37961487e-04,  1.74774252e-03, -3.05197681e-04,
       -5.05067304e-03,  1.03038062e-07, -6.20280896e-05,  9.50099712e-05,
        4.71579301e-04, -1.03494940e-03,  3.37838254e-04, -1.58373169e-02,
        5.26204661e-03,  9.70480990e-03, -1.00210634e-04,  1.00560720e-02,
       -1.57855928e-03,  4.55238190e-04,  1.54434567e-04, -5.22353481e-04,
        1.91918660e-03,  7.15229475e-04,  5.40788454e-07, -3.18045820e-05,
       -2.72615866e-04,  8.14805757e-04,  2.28344016e-06,  1.45358257e-04,
       -1.18130827e-03,  8.16884034e-04,  9.95867272e-07,  1.31488911e-04,
        2.31911094e-05, -5.64675975e-05, -1.13071366e-04,  2.16678672e-06,
       -2.70729914e-05, -2.35456415e-05,  2.43907374e-04, -3.29585583e-04,
        1.38483574e-03,  2.08276190e-03,  5.11201367e-04, -1.66314868e-03,
        5.13901959e-04, -2.35841172e-03, -1.60749532e-04, -1.09666100e-03,
        2.43601970e-04,  5.95716018e-05, -1.21846134e-04,  2.65765540e-04,
        3.13279149e-05, -1.36230022e-04,  3.01401927e-04,  5.91046648e-05,
        5.39319698e-06, -8.04628697e-05,  3.44052143e-05,  1.85279824e-05,
       -6.96403485e-07, -1.14188726e-05,  5.12251865e-05, -4.73057761e-05,
        3.99141184e-05,  3.86756678e-08,  1.64451938e-06, -6.70916716e-06,
        1.10764557e-05, -4.03575817e-05, -1.99693701e-04, -7.83848695e-04,
        1.79011443e-04, -1.17184997e-04,  1.96423402e-04,  6.85416737e-04,
        5.05711687e-05, -1.68800507e-04,  3.89442494e-04,  3.53795447e-05,
       -2.09133676e-04,  1.49564556e-04,  4.51097183e-06, -1.26278368e-04,
       -5.73198345e-05, -9.07488193e-05,  1.33736887e-06,  2.48173488e-05,
        3.75008137e-05, -6.13557879e-05,  1.09575283e-07, -5.18805917e-06,
        2.41836398e-05, -2.41993448e-05, -1.08445000e-05, -9.70134776e-08,
       -4.14667599e-07, -7.43342907e-06,  1.50717644e-05, -1.71384309e-05,
       -2.74370190e-04, -7.79340207e-05, -9.18698800e-06,  2.55764009e-04,
       -1.38956352e-05,  1.19019826e-04, -2.07592922e-05,  2.40309599e-05,
        1.43445719e-05, -7.58992113e-07,  1.80512809e-05, -4.99555364e-05,
        6.80315207e-07,  2.00515729e-05, -2.19861944e-05,  9.65085486e-06,
        2.92807940e-07,  1.96254256e-06, -3.54912720e-06,  1.38194301e-05,
        5.39741337e-07,  1.72124563e-06, -5.14652954e-06,  1.14241809e-05,
       -4.59066408e-06,  1.20633300e-07, -1.73211035e-07,  8.99248917e-07,
       -1.24826468e-06, -6.67898882e-07, -1.65856323e-04, -6.63120906e-05,
       -2.19726425e-06,  1.77265354e-04,  4.07211475e-06,  9.36811224e-05,
        3.68617152e-06,  1.66465332e-05, -1.54626257e-05,  8.85328735e-07,
        4.59949187e-06, -3.48560597e-05, -1.05486013e-07, -2.47193885e-06,
       -2.04876137e-05,  6.71368528e-06,  3.16972323e-07,  2.89365542e-07,
       -1.12197757e-05,  9.92110030e-06, -7.22607754e-09,  2.93582286e-08,
       -4.13567819e-06,  4.89376457e-06, -4.35085445e-06, -4.42989860e-08,
       -1.47186218e-07, -2.64824580e-07,  2.82399887e-06, -1.15512067e-06,
       -1.14246126e-05, -2.87505039e-06, -1.53717118e-06,  1.15950919e-05,
       -5.85622065e-06,  2.25749056e-06, -2.99241536e-06, -1.85362893e-07,
       -1.45123755e-06, -4.50215051e-07,  8.67980601e-06, -5.41477141e-07,
       -4.09440526e-07,  2.60049101e-06,  1.16244641e-06,  1.89943466e-06,
       -4.21013314e-09,  1.35537926e-06, -2.84003295e-06,  1.71812611e-06,
       -8.70215870e-08,  8.10258714e-07,  4.44499852e-07,  2.37879099e-07,
       -8.34297414e-07, -2.66044253e-08, -4.83638549e-09, -8.61386185e-07,
        3.69301203e-07, -1.98519835e-07,  7.70547536e-06,  1.00658045e-05,
        4.37805425e-07, -6.02587162e-06,  2.29371352e-06, -8.85423038e-06,
        1.89814466e-06, -1.06313235e-07, -1.88448327e-06,  2.76127689e-07,
       -2.05505843e-06, -1.02152198e-06,  3.26818454e-07, -2.12357427e-06,
       -2.69085035e-07,  2.67202764e-07, -1.13255427e-08, -3.54266025e-07,
       -4.12266628e-07, -1.80154846e-07,  9.68910873e-09, -2.25742040e-07,
       -1.39958810e-08, -2.46569142e-07, -3.75972683e-08,  5.33632892e-09,
       -3.37380746e-10,  2.02494011e-07, -8.62350900e-08, -4.83318799e-08,
       -1.42696859e-06, -6.74686987e-07, -9.07937205e-07,  6.48978091e-07,
       -1.44134794e-06,  1.16550674e-07, -9.57950387e-07,  4.45738253e-07,
        7.77152319e-07, -3.85504592e-07,  1.29353026e-06,  6.29050117e-07,
       -1.56741969e-07,  9.97314453e-07,  5.21674175e-07,  4.90016541e-08,
        1.55653713e-09,  5.79830139e-07,  2.53599625e-07, -8.08709696e-08,
       -4.41931796e-09,  1.10226336e-07, -8.82908550e-09,  1.05730743e-08,
       -2.42502845e-08,  2.88939406e-09,  2.52667216e-08, -1.17055225e-07,
       -5.62099886e-08, -3.91128270e-08,  2.29099092e-06,  8.26627750e-07,
        9.04915180e-07, -2.15927168e-06,  7.05978156e-07, -8.49495280e-07,
        3.55021552e-07, -9.39339900e-07,  1.75291665e-08,  1.41574355e-07,
       -8.06937082e-07,  1.11196795e-07,  2.94069279e-08, -4.15174039e-07,
        9.90390792e-08, -1.71370648e-07, -2.15015684e-09, -1.83560436e-07,
        1.23039758e-07, -1.06146288e-07,  4.63864821e-09, -6.54099176e-08,
        6.06656004e-08, -1.19494607e-07,  1.01969018e-08,  1.81428408e-09,
        6.79001723e-09,  3.93110015e-08, -3.35248510e-08, -3.84706784e-10,
        8.14288050e-08,  2.83509064e-08,  4.94040336e-08, -1.10703419e-07,
        3.73572650e-09, -9.20587658e-08,  4.07258851e-08, -8.60814749e-08,
        1.08265034e-08, -3.20460370e-10, -1.60508284e-08,  7.72811958e-08,
        2.83557773e-09, -6.27606270e-08,  6.48438060e-08,  3.90264943e-08,
        6.52553011e-09, -7.34907703e-09,  2.33713830e-09, -1.64707478e-08,
        1.97422855e-09,  1.00121525e-08,  4.41980234e-08, -4.86226121e-09,
       -2.97229055e-09, -1.06279128e-09, -6.36802232e-11,  6.46361256e-09,
        4.10652017e-09, -1.28968156e-08], dtype=float64), 'p_l': Array([ 1.00000000e+05, -2.00000000e+05,  1.00000000e+05,  1.11022302e-16,
        3.33066907e-16,  0.00000000e+00], dtype=float64), 'i_l': Array([0.49, 0.  , 0.  , 0.  , 0.  , 0.  ], dtype=float64), 'c_l': Array([], shape=(0,), dtype=float64), 'Psi': Array([1.], dtype=float64), 'Te_l': Array([], shape=(0,), dtype=float64), 'ne_l': Array([], shape=(0,), dtype=float64), 'Ti_l': Array([], shape=(0,), dtype=float64), 'Zeff_l': Array([], shape=(0,), dtype=float64), 'a_lmn': Array([], shape=(0,), dtype=float64), 'Ra_n': Array([ 6.32476764e+00,  1.09171406e-02, -3.28022370e-04,  1.57022273e-06,
        1.95073749e-07,  1.31675813e-07,  2.14873851e-08,  7.85137085e-09,
        1.28397542e-08, -8.61746059e-09,  1.53179071e-09], dtype=float64), 'Za_n': Array([-4.52499667e-09, -5.95665084e-09, -4.29560416e-09, -6.69156756e-09,
        9.58753196e-08, -2.04862577e-08, -7.56515249e-07,  2.03165746e-05,
       -2.40181413e-04, -7.86012175e-03], dtype=float64), 'Rb_lmn': Array([ 0.   ,  0.   ,  0.   ,  0.   ,  0.   ,  0.   ,  0.   ,  0.   ,
        0.   ,  0.   ,  0.   ,  0.   ,  0.   ,  0.   ,  0.   ,  0.   ,
        0.   ,  0.   ,  0.   ,  0.   ,  0.   ,  0.   ,  0.   ,  0.   ,
        0.   ,  0.   ,  0.   ,  0.   ,  0.   ,  0.   ,  0.   ,  0.   ,
        0.   ,  0.   ,  0.   ,  0.   ,  0.   ,  0.   ,  0.   ,  0.   ,
        0.   ,  0.   ,  0.   ,  0.   ,  0.   ,  0.   ,  0.   ,  0.   ,
        0.   ,  0.   ,  0.   ,  0.   ,  0.   ,  0.   ,  0.   ,  0.   ,
        0.   ,  0.   ,  0.   ,  0.   ,  0.   ,  0.   ,  0.   ,  0.   ,
        0.   ,  0.   ,  0.   ,  0.   ,  0.   ,  0.   ,  0.   ,  0.   ,
        0.   ,  0.   ,  0.   ,  0.   ,  0.   ,  0.   ,  0.   ,  0.   ,
        0.   ,  0.   ,  0.   ,  0.   ,  0.   ,  0.   ,  0.   ,  0.   ,
        0.   ,  0.   ,  0.   ,  0.   ,  0.   ,  0.   ,  0.   ,  0.   ,
        0.   ,  0.   ,  0.   ,  0.   ,  6.   , -0.5  ,  0.   ,  0.   ,
        0.   ,  0.   ,  0.   ,  0.   ,  0.   ,  0.   ,  0.   ,  0.   ,
       -0.025, -0.025,  0.   ,  0.   ,  0.   ,  0.   ,  0.   ,  0.   ,
        0.   ,  0.   ,  0.   ,  0.   ,  0.   ,  0.   ,  0.   ,  0.   ,
        0.   ,  0.   ,  0.   ,  0.   ,  0.   ,  0.   ,  0.   ,  0.   ,
        0.   ,  0.   ,  0.   ,  0.   ,  0.   ,  0.   ,  0.   ,  0.   ,
        0.   ,  0.   ,  0.   ,  0.   ,  0.   ,  0.   ,  0.   ,  0.   ,
        0.   ,  0.   ,  0.   ,  0.   ,  0.   ,  0.   ,  0.   ,  0.   ,
        0.   ,  0.   ,  0.   ,  0.   ,  0.   ,  0.   ,  0.   ,  0.   ,
        0.   ,  0.   ,  0.   ,  0.   ,  0.   ,  0.   ,  0.   ,  0.   ,
        0.   ,  0.   ,  0.   ,  0.   ,  0.   ,  0.   ,  0.   ,  0.   ,
        0.   ,  0.   ,  0.   ,  0.   ,  0.   ,  0.   ,  0.   ,  0.   ,
        0.   ,  0.   ,  0.   ,  0.   ,  0.   ,  0.   ,  0.   ,  0.   ,
        0.   ,  0.   ,  0.   ,  0.   ,  0.   ,  0.   ,  0.   ,  0.   ,
        0.   ,  0.   ,  0.   ,  0.   ,  0.   ,  0.   ,  0.   ,  0.   ,
        0.   ,  0.   ,  0.   ,  0.   ,  0.   ], dtype=float64), 'Zb_lmn': Array([ 0.   ,  0.   ,  0.   ,  0.   ,  0.   ,  0.   ,  0.   ,  0.   ,
        0.   ,  0.   ,  0.   ,  0.   ,  0.   ,  0.   ,  0.   ,  0.   ,
        0.   ,  0.   ,  0.   ,  0.   ,  0.   ,  0.   ,  0.   ,  0.   ,
        0.   ,  0.   ,  0.   ,  0.   ,  0.   ,  0.   ,  0.   ,  0.   ,
        0.   ,  0.   ,  0.   ,  0.   ,  0.   ,  0.   ,  0.   ,  0.   ,
        0.   ,  0.   ,  0.   ,  0.   ,  0.   ,  0.   ,  0.   ,  0.   ,
        0.   ,  0.   ,  0.   ,  0.   ,  0.   ,  0.   ,  0.   ,  0.   ,
        0.   ,  0.   ,  0.   ,  0.   ,  0.   ,  0.   ,  0.   ,  0.   ,
        0.   ,  0.   ,  0.   ,  0.   ,  0.   ,  0.   ,  0.   ,  0.   ,
        0.   ,  0.   ,  0.   ,  0.   ,  0.   ,  0.   ,  0.   ,  0.   ,
        0.   ,  0.   ,  0.   ,  0.   ,  0.   ,  0.   ,  0.   ,  0.   ,
        0.   ,  0.   ,  0.   ,  0.   ,  0.   ,  0.   ,  0.   ,  0.   ,
        0.   ,  0.   ,  0.   ,  0.   ,  0.   ,  0.   ,  0.   ,  0.   ,
        0.   ,  0.   ,  0.   ,  0.   ,  0.   ,  0.   ,  0.   ,  0.   ,
        0.   ,  0.   ,  0.   ,  0.   ,  0.   ,  0.   , -0.004,  0.49 ,
        0.   ,  0.   ,  0.   ,  0.   ,  0.   ,  0.   ,  0.   ,  0.   ,
       -0.025,  0.025,  0.   ,  0.   ,  0.   ,  0.   ,  0.   ,  0.   ,
        0.   ,  0.   ,  0.   ,  0.   ,  0.   ,  0.   ,  0.   ,  0.   ,
        0.   ,  0.   ,  0.   ,  0.   ,  0.   ,  0.   ,  0.   ,  0.   ,
        0.   ,  0.   ,  0.   ,  0.   ,  0.   ,  0.   ,  0.   ,  0.   ,
        0.   ,  0.   ,  0.   ,  0.   ,  0.   ,  0.   ,  0.   ,  0.   ,
        0.   ,  0.   ,  0.   ,  0.   ,  0.   ,  0.   ,  0.   ,  0.   ,
        0.   ,  0.   ,  0.   ,  0.   ,  0.   ,  0.   ,  0.   ,  0.   ,
        0.   ,  0.   ,  0.   ,  0.   ,  0.   ,  0.   ,  0.   ,  0.   ,
        0.   ,  0.   ,  0.   ,  0.   ,  0.   ,  0.   ,  0.   ,  0.   ,
        0.   ,  0.   ,  0.   ,  0.   ,  0.   ,  0.   ,  0.   ,  0.   ,
        0.   ,  0.   ,  0.   ,  0.   ,  0.   ,  0.   ,  0.   ,  0.   ,
        0.   ,  0.   ,  0.   ,  0.   ], dtype=float64), 'I': Array([], shape=(0,), dtype=float64), 'G': Array([], shape=(0,), dtype=float64), 'Phi_mn': Array([], shape=(0,), dtype=float64)}], [{'R_lmn': Array([-1.86969844e-06,  5.60533856e-06,  3.69499816e-08, -4.73887607e-06,
       -2.56283909e-06, -9.05988888e-07, -1.82062077e-06,  1.16450437e-06,
        2.05479860e-06, -1.24246940e-06,  1.36068673e-06, -2.66205886e-06,
        9.85294212e-07, -2.75909500e-06,  6.62965049e-07,  8.03224768e-07,
        1.87204615e-07,  1.26592973e-06, -5.77623913e-07, -1.75956953e-07,
       -8.23167866e-08, -8.46929843e-07,  7.64963229e-07, -5.06951391e-07,
       -6.67483178e-09,  3.16428568e-08, -7.76992286e-08,  1.09068678e-07,
        3.07453502e-07, -7.47460161e-08, -7.63216434e-05,  5.48171998e-05,
       -2.37685227e-05, -1.54644538e-05, -8.09522686e-06, -2.80834800e-05,
        8.90991933e-05,  2.24328491e-05, -5.12511335e-05, -8.68000329e-06,
        3.38817895e-06, -1.23956582e-05,  5.44054788e-07,  9.60321904e-06,
       -2.05037140e-06, -1.40935317e-06,  4.26999585e-07,  7.06614837e-06,
        2.84902124e-06, -6.03086828e-07,  7.17746313e-08, -6.52931248e-07,
        1.80537690e-06, -5.05551872e-06,  5.06911844e-06, -2.67014999e-08,
       -4.81750729e-07,  1.40440981e-06, -3.90285877e-07, -5.87007082e-08,
        8.17979737e-05,  9.64905697e-06, -8.36930051e-05,  5.23866152e-05,
       -9.51285114e-06, -1.37761429e-05,  2.52546736e-06,  1.76723427e-05,
       -7.18171603e-05,  1.24759923e-06,  9.19903995e-06, -1.95702756e-06,
       -2.28711200e-07, -5.96785246e-06,  2.16792504e-05, -2.82208479e-05,
        2.09499670e-07, -1.99230065e-06,  5.49995533e-06, -2.84196064e-06,
       -1.81749789e-07,  3.76695552e-07,  1.83475850e-06, -3.13910848e-06,
        4.13614176e-06,  3.53196388e-08, -7.15894777e-08,  1.14600524e-06,
       -1.85363100e-07, -4.38720049e-07, -7.06859685e-05,  4.07548840e-05,
       -2.99880210e-06,  9.27509865e-06, -8.98698125e-06, -2.94473129e-05,
       -3.10872516e-07, -4.66109888e-07,  3.19005323e-06,  1.14614375e-05,
        1.02916831e-05, -6.04143798e-06, -3.69061008e-07, -7.50998393e-07,
        6.62950582e-07, -6.09389010e-06, -4.71991805e-07,  2.39470786e-06,
       -3.83178521e-07, -1.32698578e-06,  1.21309985e-07,  3.20747053e-07,
        7.10585364e-07,  5.01760829e-08, -1.68419966e-06, -1.90835645e-08,
        3.85694019e-07, -5.30923799e-08,  2.11308728e-07, -2.50207348e-07,
       -1.33828427e-05, -2.34766217e-05,  4.45960656e-06, -8.15934670e-06,
        5.47930385e-06,  8.48022797e-06,  1.12792996e-06, -1.02946476e-05,
        9.28141485e-06, -9.63648958e-07, -1.93024820e-06,  1.38723263e-06,
       -4.97017496e-08,  2.31528500e-07,  1.28505761e-06,  6.92331039e-06,
       -2.44694904e-08,  9.85362506e-07, -1.24780422e-06,  6.17023662e-07,
       -1.02472390e-08,  7.27751774e-08, -1.10879612e-06,  8.26850568e-07,
       -3.54576075e-07,  4.83798978e-09,  3.57423061e-08,  5.10758568e-08,
        1.76397232e-07,  5.44064594e-08, -3.72102061e-05,  3.93502794e-06,
       -1.06707951e-05,  2.18694968e-05,  3.85566390e-06, -1.41911762e-05,
        1.73681353e-06,  7.03755066e-06,  7.34613827e-07, -1.10764540e-06,
       -1.60532179e-06,  7.53933338e-06,  6.31646867e-07, -2.03624816e-06,
        1.12995134e-06,  1.28907695e-06, -6.57742341e-09,  8.87134286e-07,
       -1.45945494e-07,  8.86152606e-07,  1.47228364e-07, -4.55266807e-07,
       -3.76974190e-08,  1.04697625e-07, -1.01122156e-07, -1.94018026e-08,
        2.70851279e-08,  4.19723149e-07, -1.63746572e-07,  1.53192530e-07,
       -7.47670227e-05, -6.35945980e-06,  1.13830042e-06,  3.64312134e-05,
       -1.04632059e-05, -3.65642137e-05,  4.40363732e-06, -5.69975032e-06,
        7.35751741e-06, -7.04562075e-07,  1.30167295e-05,  6.59967820e-07,
       -1.73799029e-07, -3.75756518e-06,  3.53393131e-06, -7.22880380e-06,
        4.36272754e-08,  1.35061203e-06,  1.24133563e-07, -9.09859298e-07,
        1.16219653e-08,  2.96939112e-07,  4.05564183e-09, -4.82842617e-07,
        1.03958600e-06,  2.40800512e-08, -8.45959160e-08, -5.31449583e-07,
        2.15959813e-07,  3.17432101e-07,  1.12045192e-04, -1.03412332e-04,
        2.07041491e-06, -1.67623347e-05,  2.81117417e-05,  8.41143934e-05,
       -3.65749252e-05, -1.73775655e-05, -3.87860089e-05, -2.90864281e-06,
       -2.40398838e-05,  1.84882891e-05,  3.25753352e-06,  3.63107176e-05,
        1.05953368e-05, -1.42787614e-05,  3.92573317e-08, -1.99054429e-07,
       -6.82523510e-06,  3.82990786e-06,  2.03039274e-09, -3.26602770e-06,
        4.06721826e-07,  1.61423626e-06,  2.37231319e-06, -1.23969363e-09,
       -4.26370141e-08,  3.08066498e-06,  1.97146157e-06, -8.47136288e-07,
       -7.90970631e-04, -2.25083070e-04,  2.16466190e-04,  5.63131261e-04,
        2.14062058e-05,  1.17544508e-05, -3.53800047e-05, -2.40225580e-04,
        1.42636859e-04,  1.24275732e-07, -2.82829234e-05,  2.00426663e-04,
       -1.35116355e-06,  2.30894199e-05,  2.62418966e-05,  9.01869452e-05,
        2.96836188e-06, -2.90254105e-06,  1.01290636e-05, -2.47595663e-05,
       -4.32537298e-09,  1.33881930e-06,  1.22291519e-05, -3.95857728e-07,
       -1.63036901e-05, -1.42295150e-09, -3.01866042e-06,  2.85273419e-06,
       -2.94706160e-06,  1.36115697e-06, -5.68402592e-03,  2.18712969e-03,
        1.73991016e-03,  6.74937940e-03, -5.80403096e-04, -3.08174338e-03,
       -5.13092489e-04, -1.27823676e-03, -1.67401339e-03, -3.93121202e-05,
        8.49250893e-04,  6.08087030e-04,  2.54090711e-05,  5.36909836e-04,
       -5.73930736e-04,  7.38156301e-04, -1.41821370e-06,  2.90870986e-05,
       -2.85450559e-04,  3.06434412e-04,  1.93003511e-09, -2.54270570e-05,
       -2.37594199e-05,  1.17388760e-04, -1.24764836e-04, -4.79128925e-10,
        1.42222037e-06,  5.69758942e-07,  1.69548451e-05, -1.70554895e-05,
        6.11965971e+00, -4.57494736e-01, -1.63058557e-01,  5.53665930e-02,
       -5.00412880e-02, -3.91595540e-04,  4.20856180e-02, -5.48815799e-02,
       -2.08220594e-03,  6.83160993e-03,  1.06908768e-03,  4.44398453e-04,
        7.97635350e-04, -9.68462640e-06,  1.79869497e-03,  1.26369335e-04,
        4.93525508e-04, -4.10593563e-04, -6.11691218e-04,  1.18665358e-05,
        5.36780266e-04, -5.72147126e-04,  3.49729785e-04, -1.41218044e-04,
       -4.84262123e-06,  2.11216997e-04, -2.66809238e-04,  1.67331096e-04,
       -1.18683190e-05,  2.67196641e-10, -2.99962215e-05,  9.72322480e-05,
       -6.62475229e-05,  1.48447741e-05,  4.83905352e-06, -1.33439414e-10,
        6.06848272e-03, -1.92977642e-02, -6.80404027e-03, -1.95384677e-02,
       -7.49499534e-03,  4.30550449e-03, -4.66849335e-04, -4.27573603e-03,
       -1.10976689e-03,  1.27825003e-03, -3.49866634e-03, -7.05235341e-04,
        1.38435140e-03, -1.65867350e-03,  1.43035890e-03,  4.14260084e-05,
        5.59297538e-04, -8.57621975e-04,  7.17077927e-04,  8.94485659e-06,
       -1.77650757e-04,  4.62652567e-04, -3.23042384e-04, -3.12188644e-05,
       -2.93240658e-07, -3.66894793e-05,  5.14630811e-05, -1.17478471e-05,
       -8.94066716e-06, -1.43823921e-09, -8.45006447e-06,  1.09150149e-05,
        2.55456578e-06, -1.01990110e-05,  2.95485124e-07, -5.06134259e-10,
       -1.31371199e-04,  3.28369101e-04,  4.54172727e-05, -3.93027472e-06,
       -1.32661996e-04, -1.82852121e-04, -2.82309246e-05,  1.56951732e-04,
        7.93224567e-05, -2.01095075e-04,  1.53162845e-04, -1.19680961e-05,
        1.10051173e-04, -1.54029030e-04, -1.04772835e-04,  1.03603305e-05,
       -2.83201769e-05,  5.60426471e-05, -1.30591957e-05,  1.34104189e-06,
       -4.30958397e-06, -7.06431084e-06,  3.63826955e-05, -1.44888634e-05,
        1.47285563e-06,  1.35422279e-05, -2.93000912e-05,  2.51595136e-05,
       -1.34449333e-06,  8.46072989e-10, -2.86345537e-06,  9.72277261e-06,
       -1.13239514e-05,  4.11274506e-06, -1.47662400e-06, -3.15986998e-10,
        2.38005717e-05, -8.18447756e-05, -2.02397045e-05,  2.27842559e-05,
        3.53783560e-05,  9.55508631e-05, -2.94532471e-05,  1.93051397e-05,
       -5.77017271e-05,  3.89331264e-05, -9.28061329e-05, -2.11712255e-05,
        1.80100663e-05, -4.31291496e-05,  6.55727389e-05,  1.15663846e-07,
        1.40507935e-06, -6.11703098e-06,  1.77066899e-05,  3.95714469e-06,
        4.23971093e-06, -2.04387395e-06, -8.88637506e-06, -4.65010698e-07,
       -6.22157790e-07, -1.27783621e-06,  2.07897967e-06,  3.39425340e-06,
       -3.96767267e-06,  3.11533769e-09, -1.12992950e-06,  1.15572295e-06,
        6.56880348e-07,  7.17879716e-07,  6.14132633e-07, -1.34971699e-09,
       -2.46497003e-05, -2.98332438e-06, -6.41567778e-06,  4.58290164e-05,
       -4.46924778e-06, -1.90693954e-06,  2.24108823e-05, -3.13824659e-05,
       -9.98903774e-06,  1.31982646e-06,  7.20427253e-06,  4.71781977e-06,
        3.19373494e-06, -8.91646845e-06,  6.77055285e-06, -1.37551939e-06,
        3.75752433e-06, -4.67953642e-06, -3.68636456e-06, -3.94403035e-07,
        1.76051051e-07, -7.59731050e-07,  2.75854603e-06,  1.69115931e-06,
        1.34325435e-07, -7.04556730e-07,  5.88575407e-07, -1.72176740e-06,
        3.36607318e-07,  1.05513935e-08, -3.48343142e-07,  4.05226941e-07,
        1.05381797e-07, -4.05949247e-07, -1.41199927e-07,  3.35987735e-08,
        2.31068137e-05, -9.25481573e-06, -5.96504939e-06,  3.80279347e-05,
        1.17594083e-05, -5.16834762e-06,  3.41299074e-06, -4.12186838e-07,
       -1.54005081e-06, -2.12397982e-07,  4.96038024e-06, -1.65758349e-07,
       -1.47715309e-06,  1.70894758e-06,  2.82087958e-06, -5.42862352e-07,
        1.15654081e-06, -7.61058132e-07, -1.52658972e-06,  5.39124941e-07,
        3.15778707e-07, -5.53985154e-07, -8.41945171e-08,  2.89400641e-07,
        2.43799722e-07, -1.27086063e-07, -1.75253611e-07,  2.37522619e-07,
       -4.88784394e-07, -1.11366938e-06, -2.48805236e-08,  1.62079657e-07,
       -2.32882060e-07,  4.35222441e-07, -1.52376791e-07,  6.43176820e-09,
        4.48533892e-06, -4.49552457e-06,  4.35769148e-07,  7.46656848e-06,
        3.27157139e-06, -5.28833855e-06,  3.67822755e-06, -4.86179213e-06,
        1.65959485e-07, -1.40101737e-06,  2.22760112e-06,  1.19649945e-06,
       -1.20356317e-06,  3.24357792e-06, -1.54836203e-06, -6.06238933e-08,
        1.47894828e-08,  2.09098851e-07,  4.41035583e-07,  1.28324753e-07,
       -1.04603038e-07,  8.66757673e-07, -9.33254800e-07, -2.72961074e-09,
       -1.31505627e-06, -3.36333007e-07,  9.65619578e-07, -6.47583245e-07,
        2.13699908e-09, -2.53182430e-08, -9.39505459e-08, -7.00808849e-08,
        3.45419120e-07, -2.86645603e-07, -9.73374194e-08,  1.62038468e-08,
        5.04285322e-05, -1.20742754e-05,  2.49823962e-05, -7.71681963e-06,
        2.02090545e-05, -1.12600016e-05,  1.04998591e-05,  5.77553537e-06,
        1.14595662e-05, -2.97892272e-06,  8.29456480e-06, -2.88256348e-06,
       -6.14120182e-06,  1.51857755e-05, -1.30926888e-05, -1.24053250e-06,
       -1.85311092e-06,  3.94057565e-06,  3.43173267e-06,  2.64193820e-07,
       -1.41160371e-06,  2.49551160e-06, -2.18036544e-07,  8.40128046e-07,
        1.37777092e-07, -2.60953215e-07,  7.87598668e-07, -4.46479902e-08,
        2.10533317e-07,  2.91032646e-06, -2.74807851e-08, -2.76827030e-07,
        5.42995863e-07, -9.53804301e-08,  6.00749971e-08, -4.48457787e-08,
        1.59773237e-05, -1.48818941e-05, -7.41312795e-06,  8.52730624e-06,
        7.49135992e-06, -7.01825156e-06, -3.91831237e-06,  1.10536960e-05,
       -1.89413588e-06, -2.08831164e-06,  4.24231812e-06,  4.92424796e-06,
        4.24450100e-06, -8.07161491e-06,  4.00888804e-06, -5.25466792e-06,
       -1.48110994e-06,  6.56634565e-06, -4.20736421e-06,  1.76752896e-06,
        3.02138413e-07, -8.58681687e-07,  6.93280997e-07,  4.89581738e-06,
        3.94353919e-07,  1.40006443e-07,  1.33644566e-07,  3.22075587e-07,
       -1.58954938e-06,  7.68242057e-07, -3.31372444e-07,  8.39020175e-07,
       -4.39950092e-07,  1.04319788e-06,  7.74128908e-08,  8.55626364e-08,
       -7.79297734e-06, -1.82492845e-05, -1.37074622e-05,  6.35031558e-05,
        1.36019737e-05,  9.50489985e-06,  3.02627656e-06, -3.06174250e-06,
       -1.59782348e-05,  7.37554652e-06, -8.32654444e-06,  2.88574902e-06,
        6.53044231e-06, -9.80099388e-06,  1.32664428e-05, -6.01654484e-07,
        9.53395074e-07,  7.90399291e-08,  1.67254782e-08, -1.90825577e-07,
        2.49755795e-06, -3.21105794e-06,  7.97600185e-07,  4.97089669e-08,
       -4.27804462e-07, -1.06003326e-06,  2.33384409e-06, -1.12635173e-06,
        3.05165293e-08,  1.50121138e-07, -9.59022308e-07,  1.34978789e-06,
       -1.29080426e-07,  8.66231000e-08,  3.48038906e-07, -5.69068683e-08,
        6.66849216e-07,  3.90715043e-06,  1.42976608e-06, -9.61472438e-06,
       -3.75650155e-06,  8.85096198e-06, -2.05197163e-06,  5.38526641e-06,
       -3.64577368e-06, -5.93881548e-07,  1.43899565e-06, -3.93323457e-07,
        1.06777262e-06, -1.13169035e-06, -2.93022427e-07,  1.52039445e-06,
       -6.91400832e-07,  6.87636725e-07,  8.54336134e-07, -2.27777069e-07,
       -1.61145702e-07, -3.50363340e-07,  1.19880754e-06, -8.06630496e-07,
        1.21034508e-06,  1.87224232e-07, -1.20917668e-08,  4.54428615e-08,
        3.39576133e-07,  8.73558958e-07, -1.50278833e-07,  2.33988459e-07,
       -2.10751358e-07,  3.38766317e-07,  4.21356364e-07,  3.01997559e-07],      dtype=float64), 'Z_lmn': Array([ 3.41402596e-06, -1.52192039e-07, -2.64796100e-06,  2.67646875e-06,
        2.21881547e-06, -6.31885167e-06, -7.98834730e-07, -2.31473134e-06,
        1.33514280e-06,  5.02697532e-06,  1.80947747e-06, -1.08526839e-06,
       -1.07157691e-06,  1.37411447e-06, -2.11066938e-06, -4.49977981e-07,
       -2.86852257e-08, -3.76528992e-07,  4.18338839e-07,  1.39973289e-07,
        2.13037774e-07, -6.81467330e-08,  2.07314550e-06, -2.40693294e-07,
        2.84631175e-07, -2.07927736e-07, -2.13418484e-08, -3.40507786e-07,
       -2.95788618e-07,  1.70196338e-08,  2.99453448e-08,  2.44379625e-07,
        1.68817842e-08,  2.51591838e-07,  5.14583911e-08,  2.53197629e-08,
       -1.77540257e-04,  8.39813713e-05, -9.26544147e-05,  7.31545955e-05,
       -3.47414134e-05, -4.43257750e-05, -4.27018338e-05, -7.84245566e-05,
        4.86032433e-05, -3.41979428e-05,  5.81324355e-05, -1.30135255e-05,
       -1.80851622e-05,  5.40463799e-06, -5.29145555e-05,  1.37362721e-05,
       -4.95532266e-06, -1.97836005e-05,  1.55137995e-05,  1.15164678e-07,
        6.86184917e-06, -9.00236627e-06,  9.64563731e-06, -1.26733706e-05,
       -6.28839945e-07, -2.28519973e-07,  1.83252454e-06, -3.37821504e-06,
        7.58519086e-08, -1.12711517e-08, -7.35134420e-07,  3.12568976e-06,
       -1.15467637e-06,  7.39323349e-07, -4.03452997e-07, -1.17881168e-08,
        3.70047756e-05, -6.67563829e-05,  2.74028017e-05, -5.52853902e-05,
        5.80685790e-05, -8.38308054e-05,  6.51302213e-06,  6.97084061e-05,
        1.49855688e-04, -1.13032739e-05,  9.37275639e-05, -2.93578259e-05,
       -2.36636137e-06,  2.97994044e-05,  1.27090512e-05,  7.47969509e-06,
        1.06771215e-06, -5.47760929e-06,  3.29130673e-05, -1.57193220e-06,
        4.39590999e-06, -6.31662860e-06,  4.75285935e-06, -6.92020861e-06,
       -1.66204578e-07, -1.74320461e-06, -1.28527836e-06, -1.68050009e-06,
        8.08681730e-07,  2.16167492e-08,  3.95796962e-07, -4.71533929e-07,
       -5.96328613e-08,  2.07545667e-08, -2.78190123e-08,  2.13061398e-08,
       -1.87610410e-05, -3.28734144e-05, -6.01976545e-06,  2.21051401e-06,
        5.91565171e-06,  1.42922435e-05, -8.72906477e-06, -1.04484370e-05,
       -1.82490482e-05, -8.32881498e-06, -1.47745531e-05,  6.76197445e-06,
       -2.30309782e-06,  3.73137692e-07,  1.94958120e-05, -3.82129748e-06,
       -2.12232193e-06,  5.50385741e-06, -6.59602248e-06,  8.82333961e-07,
       -1.18598945e-06,  2.09657532e-06, -2.57718140e-06,  3.85306146e-06,
        4.19388376e-08, -1.13808569e-07, -1.48996366e-06,  1.34414393e-06,
       -2.99451347e-08, -9.36430935e-09,  3.49460228e-07, -6.58533752e-07,
        3.71271019e-07, -2.22887380e-07,  1.20411773e-08, -6.00023913e-09,
       -2.82453740e-05,  5.73249905e-07, -6.94104411e-06, -7.48947856e-06,
       -6.41091373e-06,  1.14980576e-05,  1.19718820e-05,  1.46466497e-05,
        4.85283062e-07,  8.97353813e-06, -8.82511411e-06,  2.10693582e-06,
       -1.90174710e-07, -3.27841767e-06,  1.74405567e-07, -1.65280965e-06,
        2.12120390e-06, -5.97872306e-07, -2.57786817e-06,  1.47407487e-07,
       -5.50618361e-07,  4.16185396e-07, -2.52552036e-07,  1.50290449e-06,
        1.07263164e-07,  2.54806443e-07, -1.86605243e-07, -3.00318110e-07,
       -2.04039270e-07,  2.37983099e-09, -2.20207693e-07,  3.30204578e-07,
        1.53083099e-07, -8.58630995e-08,  3.07495377e-09,  2.43595540e-09,
       -1.40482922e-05, -4.54103188e-05, -6.00347891e-07, -6.88391018e-07,
        5.37490429e-05, -4.52679844e-06,  3.51401313e-06,  2.14956711e-06,
       -3.06101284e-06, -1.46900595e-06,  1.30738332e-05,  2.98885186e-06,
        4.53523115e-07,  3.36832217e-07,  3.70464015e-06, -1.78886192e-06,
        1.12345423e-06, -5.45370197e-06, -2.11437274e-06,  2.12890072e-07,
       -3.87264589e-09,  5.41577526e-07, -1.71472608e-06,  1.76216654e-06,
        8.00757633e-08, -1.12528668e-07,  9.29233492e-07, -5.27008229e-07,
       -2.81260722e-07,  1.31020714e-08,  7.53189123e-08, -2.83957968e-08,
        5.61802381e-07, -2.39324955e-07, -3.56741690e-08,  2.56177605e-09,
        6.19593624e-05, -5.23940337e-05,  8.16935712e-06,  1.02427829e-05,
        7.84055734e-05, -1.95400382e-06, -3.68151167e-06, -8.91991384e-06,
       -3.76771880e-06, -1.99436021e-05,  2.96019258e-06, -3.10821572e-06,
       -2.86981555e-06,  5.07275938e-06,  1.02975071e-05,  2.81979508e-06,
        6.43074804e-06, -7.66988642e-07,  8.84921717e-07, -4.06717043e-07,
       -8.24810961e-07, -1.60986643e-07, -4.61304588e-06, -4.54105347e-06,
       -1.19401864e-07, -7.58897616e-07,  7.34981952e-07,  1.40367539e-06,
        4.54237414e-07, -1.28098971e-08,  1.51629485e-07, -6.18178728e-07,
        6.77430860e-08,  1.15952889e-07,  9.97345002e-08, -9.16318856e-09,
       -2.20498673e-05,  5.57893241e-06, -3.86270440e-06, -1.97001812e-05,
        2.98448623e-05, -4.52423037e-05,  4.37375232e-05,  2.94887642e-05,
        4.86450003e-06, -6.08340382e-05,  3.97679377e-05, -3.01070730e-05,
       -1.44905708e-05, -1.49837021e-05,  1.07875823e-06, -2.80403690e-06,
        9.72878064e-06,  6.01823019e-06,  3.55895163e-05,  1.83404826e-06,
        9.85149433e-06, -2.12496765e-06, -6.55915114e-06,  2.70659469e-06,
        4.69595567e-07,  1.32621071e-06,  3.66159965e-06, -5.52284668e-06,
       -1.82047087e-06, -8.08611866e-10,  3.21689025e-08,  1.00060713e-06,
        1.08456635e-06, -4.49473701e-08, -4.25657924e-07, -7.11625298e-10,
       -4.39205044e-04, -7.88720561e-04,  8.48784824e-05, -2.52882929e-04,
        8.88725863e-04,  1.82121186e-05,  3.69920217e-04,  2.48840691e-04,
       -2.86584281e-05, -1.18899263e-04,  2.09073727e-05, -5.10223670e-06,
        2.00228214e-05, -2.17983361e-05,  2.35082693e-05,  1.93412209e-05,
        2.11804752e-05, -5.36565583e-05,  3.93292960e-06, -6.19369409e-07,
       -2.29988484e-05,  1.99036775e-05,  6.07900671e-06, -2.09255347e-05,
        1.20916696e-07, -8.26479496e-06,  1.19901533e-05,  1.21024821e-06,
        5.54135112e-07, -4.41638219e-09,  1.71865468e-07, -1.27766377e-06,
       -1.09534072e-06,  1.65409777e-06, -1.29510380e-07, -2.85562545e-09,
       -1.86766323e-03,  2.86787435e-03,  2.62391769e-03, -2.43508225e-03,
       -2.93360208e-03,  4.45596418e-04, -2.00723438e-03,  2.65852375e-03,
       -1.60403373e-04,  1.25617394e-04, -4.58055677e-04, -2.97025937e-04,
        1.24448740e-03, -3.90759494e-04,  2.94142547e-04, -4.96498455e-05,
       -6.25081203e-05,  4.12188004e-07,  3.07580611e-04,  2.75363492e-05,
       -1.87181499e-04,  1.81935227e-04, -1.31615274e-04,  3.88716140e-05,
       -2.18537304e-06, -3.13704552e-05,  1.10468402e-05, -1.06444756e-05,
       -2.74808609e-05, -1.09598110e-09,  1.48334318e-05, -1.74328216e-05,
       -1.59159288e-06,  1.22519736e-05,  2.17929500e-06,  3.73931295e-10,
        5.49071522e-01, -2.56815448e-02,  1.02237462e-02, -7.96728904e-02,
        5.18936532e-03,  1.53879606e-02,  7.02052319e-04, -1.33102353e-02,
        2.55293261e-02,  1.21487148e-04, -5.70533484e-03,  7.13343006e-03,
       -1.60105544e-07, -8.63484604e-04,  3.33959183e-03, -5.11271476e-03,
        7.77122350e-06, -1.53545390e-04,  5.75258355e-04, -8.78842938e-04,
        1.53760091e-10,  1.50389851e-07,  1.61447369e-04, -2.53036319e-04,
        1.83312759e-04, -2.54304538e-10, -7.77002301e-06,  3.20470334e-05,
       -5.93434483e-05,  3.95606302e-05,  3.18535713e-02, -2.82539280e-02,
        3.47466056e-03, -1.27746145e-02, -4.80878070e-04,  2.84351754e-03,
       -8.80530735e-05, -3.72910498e-03,  7.04180669e-03, -1.06585839e-05,
        5.78965680e-04,  4.90967893e-04, -1.66108953e-05,  7.64286737e-05,
        3.02551868e-04, -1.22435150e-03,  2.67953137e-06,  1.67197638e-05,
       -6.76106585e-05, -1.26519477e-04, -3.20742352e-10,  1.66169543e-05,
        1.15923826e-05, -4.92020068e-05,  1.01676130e-04, -2.04862545e-10,
       -2.67806787e-06, -6.07253954e-06, -3.03173875e-05,  4.63966330e-05,
       -5.34668716e-05, -1.70378100e-04,  5.14185817e-04,  1.49345668e-04,
       -1.13196706e-04,  7.53259075e-06,  8.13591591e-06, -4.90045864e-04,
       -1.03051642e-04, -3.09819153e-05,  1.52927290e-04,  1.45334499e-04,
        2.62914626e-06, -1.70754855e-05, -1.86083692e-05, -1.14717430e-06,
       -4.18946783e-07,  3.19614615e-05, -3.69751464e-05,  7.80926837e-06,
        4.67921275e-10, -2.64124459e-06,  8.96760770e-06, -6.04088373e-06,
       -1.01561152e-05, -7.44787949e-09,  4.26430557e-07, -1.59900643e-06,
       -2.94273745e-06,  8.76424648e-06, -5.48831057e-05,  4.58103316e-05,
       -4.74764410e-05,  7.60257540e-06,  6.11539128e-05, -8.26482549e-05,
        1.52775858e-05,  6.47618391e-05,  4.39221326e-05,  5.30700388e-06,
       -4.69372882e-05,  4.42765187e-05, -2.49676898e-06, -1.61283928e-05,
       -1.79669607e-05,  7.12915205e-06,  4.78506924e-07, -4.75078775e-06,
        1.11348734e-05, -1.17357235e-05,  1.24192683e-09,  2.45496634e-06,
        7.90274090e-07, -1.89102188e-07, -6.28017992e-06,  2.31976973e-09,
       -4.72894755e-07, -6.42123927e-07, -1.92133088e-06,  2.45169589e-06,
       -5.91447938e-06, -2.45032645e-05, -9.27594406e-06,  7.25226031e-06,
        1.28245611e-05,  3.78372090e-05, -6.69334399e-06,  9.36804340e-06,
        9.00082567e-06, -2.12350731e-06, -1.23635770e-05, -8.35007435e-06,
        1.13511814e-07,  8.96900655e-06, -1.53263350e-06, -1.21749542e-06,
        1.08534969e-08,  2.32707354e-06, -1.06430386e-06, -1.31720395e-07,
        3.60407782e-09, -1.83574087e-07, -1.98345571e-06,  1.99685981e-06,
       -6.93401967e-07,  1.63304251e-09, -1.36477599e-07, -2.92964868e-08,
        3.05131337e-07, -1.49142507e-07, -1.29528129e-05, -5.85407379e-06,
       -1.79019079e-06,  2.85802618e-06,  6.23601113e-06, -2.83246312e-06,
       -2.28626736e-06,  9.87939760e-08,  1.79660805e-06,  5.97032994e-07,
       -4.27346225e-06, -2.70999493e-06,  3.18638286e-07,  1.93976205e-06,
        8.10450436e-07,  1.24080880e-06,  2.91767347e-08, -1.49854936e-06,
       -3.55953860e-07,  3.62094443e-07, -7.90093676e-09,  4.06826628e-08,
        2.18950357e-08,  2.25678301e-07,  3.05131780e-08, -6.08525939e-08,
       -6.56208457e-08,  8.46726643e-08, -1.08501258e-07, -1.00640658e-07,
       -1.10317649e-04, -3.11185220e-06, -1.25642211e-06,  6.01254932e-06,
       -6.12278553e-06,  4.46198859e-07,  9.67769913e-07,  1.49909794e-06,
       -4.70543704e-06, -2.25978157e-06,  4.63881860e-06, -2.48767225e-06,
       -2.69173731e-07, -6.43694287e-07, -1.35642562e-06, -1.33390549e-06,
        4.34658567e-08,  1.40288977e-06,  6.74353035e-07,  2.63811350e-07,
       -2.52979657e-08, -1.25147856e-07,  5.24215127e-08, -1.56919670e-07,
        1.94722016e-07, -4.97494825e-08,  1.42383135e-08,  6.87346375e-08,
       -1.75583794e-09,  5.05559649e-08, -3.69218763e-06,  5.11762616e-05,
        1.37030838e-05,  7.97119621e-07, -1.52822597e-05,  2.13634514e-07,
        6.79811156e-06, -1.02264408e-05, -1.39302722e-05, -2.65655023e-06,
        1.30797088e-05, -1.25123226e-06, -8.63608618e-07, -7.11467961e-06,
        4.53841958e-07, -2.58858703e-06,  7.45867218e-08,  1.41972020e-06,
        4.65345649e-07,  2.50860073e-07,  9.00603779e-08,  4.34696052e-07,
        1.14143215e-06, -1.53987532e-06,  1.18384316e-06,  1.21757515e-07,
        3.05651561e-07,  5.06396835e-09, -7.83240145e-08,  4.13824450e-08,
        2.55589318e-05,  2.62552826e-05,  9.57075419e-06, -7.75925694e-06,
        1.49531273e-05, -2.30706835e-05, -4.06162643e-06, -4.70634657e-06,
       -3.31005452e-07,  1.13940831e-05, -1.46658158e-05,  9.42160343e-06,
       -7.79397200e-07,  3.77049745e-06,  2.48545921e-06,  1.05102318e-06,
       -1.08343474e-06, -6.05551938e-06,  2.84305458e-06, -2.55037668e-06,
       -3.18113255e-08,  1.30432305e-06,  1.44076783e-06,  3.67841720e-07,
       -1.18124965e-06, -4.83744205e-08,  1.80917291e-07,  7.46590229e-07,
       -1.42539065e-06,  5.15468039e-07, -7.95885896e-05,  1.79835816e-05,
       -1.81463554e-05,  1.65462397e-05,  1.15056895e-05, -1.03350832e-05,
       -2.41284421e-06,  2.55650515e-05,  8.95287584e-06,  3.48315413e-06,
       -1.70761051e-05,  7.20390449e-06, -8.11232682e-07,  4.24605348e-06,
       -4.13736920e-06,  1.24124374e-09,  4.51799060e-07, -2.66822800e-06,
        3.29627376e-06, -3.87350281e-06,  1.66546337e-08,  6.41632358e-07,
       -4.41314352e-07,  1.42304641e-06, -2.13897363e-06,  1.25603875e-08,
       -1.27678412e-07,  5.41122029e-07, -9.22392097e-07,  4.76158992e-07,
        3.57300053e-06, -1.93408114e-06,  3.62972616e-06, -5.15450813e-06,
        8.97995401e-07, -4.73222522e-06, -2.55113168e-06, -3.51510492e-06,
       -7.37697073e-07,  1.13000794e-06, -7.66121049e-07,  6.26682362e-07,
       -4.15887091e-07,  9.78719911e-07, -6.49825812e-07,  4.59375898e-07,
       -1.19360521e-07, -8.95479324e-07,  4.78664360e-07, -5.50753314e-07,
       -4.81767515e-08,  1.62912359e-07, -8.65855673e-08,  5.12871014e-08,
       -7.41443330e-08, -3.63362334e-08, -2.07794102e-07, -1.68071877e-08,
       -2.52317768e-07,  2.55733617e-08], dtype=float64), 'L_lmn': Array([ 3.70297891e-06,  9.84421285e-06, -5.81432366e-06,  7.61703092e-06,
        4.56436209e-06, -7.20135031e-06,  1.31476308e-05, -2.48347235e-06,
       -1.50591097e-05,  1.40146766e-05, -3.17120719e-06, -7.68849229e-06,
        1.84203893e-06,  5.92137962e-06, -5.71620810e-06, -2.28329529e-06,
       -1.86238674e-06,  4.55314030e-06, -2.10466410e-06,  1.33558160e-06,
       -3.72022000e-08, -2.55045111e-06,  3.26043921e-06, -1.58434493e-06,
        9.34468105e-07,  4.21713556e-07, -1.44548850e-07,  2.40269419e-06,
        9.46446079e-08, -7.16469507e-07,  3.91837288e-07,  1.44668301e-06,
       -8.62733502e-07,  3.11731876e-07, -7.22764970e-07,  1.66741673e-07,
       -2.05088526e-05, -1.52046518e-04, -1.47605870e-04, -9.90440460e-05,
       -2.98242688e-04,  5.18813521e-05, -1.53299671e-04, -4.73846542e-05,
        1.51744725e-04, -1.46414426e-04, -4.73151236e-05,  9.46590599e-05,
       -2.59414802e-05, -7.44271234e-05, -7.84362007e-06,  4.15128059e-05,
       -8.81543860e-06, -1.93266657e-05, -2.72046623e-05,  7.54881927e-06,
        1.29824904e-05,  5.64773178e-06,  1.23657681e-06, -2.70626880e-05,
        1.20876801e-05,  2.16381770e-05,  4.89460032e-06, -3.07169753e-06,
       -7.00543559e-06,  4.25698333e-06,  3.98598343e-06,  9.02399762e-06,
       -8.82252227e-06,  8.24692474e-06, -8.66885664e-06, -4.23126586e-07,
       -8.86135360e-05, -1.83855081e-04,  2.21842650e-04, -3.13697411e-04,
        3.84097913e-04, -1.72612957e-05,  6.54101235e-06,  4.58333392e-04,
        1.32645065e-05,  3.97502812e-05,  3.52772924e-04,  3.45752490e-05,
       -3.22590645e-05,  6.05212374e-05,  1.82941815e-04,  1.88290671e-05,
       -1.90100996e-05,  3.84932570e-06,  6.55400706e-05,  5.87244200e-06,
       -1.68220875e-06, -2.38158240e-05, -1.99814310e-05,  2.25258195e-05,
       -1.97838057e-07, -5.17937152e-08, -1.90828406e-05, -2.01771807e-05,
        1.65667865e-05,  3.91656287e-07,  2.30039181e-06, -2.76588864e-07,
       -1.25669797e-05,  4.54561514e-06, -2.25099522e-06, -1.01210230e-07,
       -8.52826118e-05, -6.41393832e-05,  4.08740539e-06, -7.60349121e-06,
       -4.07030820e-05, -5.05618615e-05, -1.74906911e-05, -6.92614636e-05,
       -1.63607479e-05, -4.18491325e-05,  1.64271099e-05,  4.50795572e-06,
       -1.50095904e-05,  1.51656929e-05,  2.05508487e-05,  5.52928682e-06,
        3.01758008e-06,  1.40576470e-05,  1.84453448e-05,  4.22001977e-06,
        1.44765752e-06,  6.39964155e-08, -7.93632788e-08,  8.54331877e-06,
       -4.41900051e-06, -1.94495579e-06, -5.95953479e-06,  2.65492801e-06,
        2.75693096e-06,  1.84407008e-06, -8.46101367e-07, -6.06821832e-06,
        2.99634008e-06, -2.22137294e-06,  8.75070087e-07,  1.09719182e-06,
       -3.94966887e-05, -1.29102196e-04, -3.71780228e-05, -3.14254846e-05,
        5.32655980e-05,  9.83024945e-06,  5.36035020e-05,  1.44452877e-05,
        1.49867400e-05,  4.23243258e-05, -1.07700857e-05,  1.37359316e-06,
        7.96394166e-06,  6.63995749e-07, -1.33157999e-05, -1.21332844e-06,
       -3.93846107e-06, -3.22730934e-06, -2.41149418e-06, -6.36236079e-07,
       -1.12662035e-06, -1.21076203e-06,  1.41647599e-06,  7.70716812e-07,
       -3.43293510e-07, -3.01440350e-07,  2.14519864e-06,  5.36355116e-07,
       -3.68403884e-07,  3.75820299e-07,  1.84590720e-08,  2.24855675e-06,
        9.19453931e-07, -1.56094180e-06,  3.73467646e-08,  1.09862400e-07,
       -1.27976267e-04, -1.64767456e-04,  9.24907788e-05, -9.80482673e-05,
        1.52054755e-04, -3.87504566e-05,  2.49541270e-05,  1.17719521e-04,
       -6.68987834e-06,  2.43233805e-06,  6.31444073e-05, -2.58728275e-06,
        1.36781985e-06, -2.07708907e-05,  1.69709725e-05, -2.80768047e-06,
        8.69643745e-07, -2.32055165e-05,  7.10995373e-06,  9.83683184e-07,
       -1.21524755e-06,  1.25781982e-06, -1.26689143e-05,  3.79094818e-06,
        1.64331091e-07,  4.01161278e-07,  4.84845070e-06, -2.47159123e-06,
        1.78194151e-06, -1.41597922e-07, -2.64639652e-07,  5.28385242e-07,
        2.52072452e-06, -1.38352074e-06, -1.73926697e-07,  1.56716478e-07,
       -1.47157772e-04, -1.00170899e-04,  1.60407314e-04, -3.06564807e-05,
        1.12707879e-04, -3.28582421e-05, -3.66374713e-05,  2.09815791e-05,
       -1.71795202e-05, -6.49883559e-05,  4.70257974e-05,  4.70395900e-06,
       -4.89307423e-06, -6.34583590e-06,  2.84320508e-05, -5.32574583e-06,
        1.45792567e-05, -1.01923181e-06,  5.06866101e-06,  3.28887401e-06,
        1.49124769e-06,  7.11966548e-06, -1.65148579e-05, -1.03253361e-05,
       -1.34673345e-06, -1.71353080e-06, -2.69807346e-06, -1.75288557e-06,
       -2.22769223e-07,  2.53638935e-07, -2.54158188e-06, -1.23277841e-06,
        1.72560160e-06,  2.36922741e-06, -1.24446826e-06,  9.26590121e-08,
        2.31055862e-05, -1.47219524e-04,  6.10860641e-05, -2.08952779e-04,
        2.29153932e-04, -9.67189607e-05, -5.02528437e-05,  1.95311380e-04,
       -1.61950291e-04, -9.38631604e-05,  1.27927331e-04, -1.00888322e-04,
       -4.53246209e-05, -2.81763442e-05,  1.77763002e-04, -1.70792655e-05,
        5.16473593e-06, -2.42829057e-05,  1.20415780e-04, -5.47209779e-06,
        2.68712508e-05,  2.92951137e-05, -9.75300582e-06,  4.17250588e-05,
        2.37848257e-07,  4.10036928e-05,  2.72735658e-06, -2.11853973e-05,
        9.89398720e-06,  5.00218472e-07, -3.95373263e-06, -9.50287241e-06,
       -8.01428316e-07, -8.92995351e-06, -1.18874615e-06,  4.62117278e-07,
       -2.89334867e-03, -4.51945112e-03,  2.20203792e-03, -1.80178893e-03,
        4.56719930e-03, -1.91243891e-04,  1.13280994e-03,  2.06151174e-03,
       -3.56474052e-04,  1.97886719e-04,  5.85361747e-04,  6.58472521e-05,
       -1.31429365e-04, -3.67780884e-04,  5.39078222e-05,  1.89568981e-05,
       -1.59018335e-04, -1.38245774e-04,  1.92294646e-05, -3.58960387e-05,
       -1.75622742e-05, -9.75092320e-05,  6.26051513e-05,  6.27184424e-05,
       -8.98711524e-06, -1.55052848e-05,  7.42169448e-05, -3.18308327e-05,
       -4.97514548e-06, -1.36911820e-06, -9.33484662e-05,  7.51581378e-05,
       -3.17037532e-05,  2.86637530e-06, -2.08943411e-06, -2.14504888e-07,
       -2.42838363e-03, -5.36294590e-03,  1.62229306e-03,  1.93877139e-02,
        2.90888905e-03, -1.28411431e-02,  3.90070898e-03, -9.86197594e-03,
       -2.57882656e-03,  5.97662659e-04,  5.96592071e-03,  3.92947440e-04,
       -2.08710689e-03,  3.16417174e-03, -7.56796877e-06,  1.03317494e-04,
        1.02281431e-03, -2.16814026e-04,  9.28916959e-04, -1.06502569e-04,
        4.62790077e-04, -1.63352219e-03,  5.79938884e-04,  3.71490297e-04,
       -1.45545845e-05,  1.03147105e-04,  3.48548506e-04, -3.14452950e-04,
        1.87267205e-05, -2.00992777e-06,  2.74492018e-04,  2.03219609e-04,
        8.10248526e-05, -1.59084852e-04,  2.25938015e-05, -3.59669403e-07,
        1.22468700e+00,  2.85083197e-01,  9.67776534e-02, -2.83100030e-01,
        3.61931408e-02, -1.16099409e-01,  1.28619576e-02, -5.83987832e-02,
        9.03751791e-02,  4.27492463e-03, -2.57099926e-02,  3.37191739e-02,
        9.76147961e-04, -8.32805752e-03,  1.09464736e-02, -1.59069847e-02,
        9.72923839e-05, -2.26196990e-03,  6.65320028e-03, -9.70578674e-03,
        5.31342869e-06, -4.44045513e-04,  1.74621462e-03, -2.81729021e-04,
       -4.94141018e-03,  2.20256669e-07, -6.05270731e-05,  1.08566042e-04,
        4.42989267e-04, -9.80213705e-04,  7.66695622e-04, -1.59101404e-02,
        5.38850382e-03,  8.98341942e-03,  3.52064183e-04,  1.02615193e-02,
       -1.52151257e-03, -2.56157343e-04,  2.88565968e-04, -5.65479748e-04,
        1.54509516e-03,  9.98175924e-04,  1.39340228e-05,  1.49441012e-06,
       -2.99210126e-04,  7.75695927e-04,  6.26596687e-06,  1.13041450e-04,
       -1.11111734e-03,  9.42967242e-04,  2.20943899e-06,  1.39015782e-04,
        4.72109365e-05, -1.44255552e-04, -1.03592118e-05,  2.03775501e-06,
       -3.04352724e-05, -3.03113785e-05,  2.74751778e-04, -3.73083344e-04,
        1.12313629e-03,  1.71310092e-03,  4.23653645e-04, -1.43947610e-03,
        3.38238161e-04, -1.97125456e-03, -1.43651253e-04, -8.79617792e-04,
        2.67343368e-04, -2.34098052e-05, -7.42849671e-05,  2.31019758e-04,
        1.82271360e-06,  6.50188461e-05,  1.78478916e-04,  5.53406903e-05,
        6.18352606e-07, -5.12425826e-05,  9.50745036e-07,  7.54186458e-05,
       -8.62324934e-07,  6.84336614e-06,  1.55605738e-05, -4.27331339e-05,
        2.10002594e-05,  9.61005565e-08,  4.52836467e-06, -2.17453012e-05,
        3.01903494e-05, -6.17852300e-05, -2.92216633e-05, -2.51716899e-04,
        9.10902379e-05, -2.23516197e-04,  1.73132121e-04,  2.08760601e-04,
        9.31051797e-05, -6.79020963e-05,  3.00519100e-04,  1.23660748e-05,
       -1.77388064e-04,  1.12614046e-04,  1.39246360e-05, -9.59070305e-05,
       -2.35047207e-07, -5.27683826e-05,  1.03281985e-06, -1.54703198e-05,
        1.66724773e-06, -7.45061211e-05, -5.12720641e-08, -2.62640358e-06,
        1.51030334e-05, -2.09614942e-05, -1.19025441e-05, -1.69294248e-07,
       -1.58695883e-06,  5.73734598e-06,  1.26661333e-06, -6.85438815e-06,
       -1.67854702e-04, -8.89778880e-05, -1.24152432e-05,  1.76715756e-04,
       -1.26747439e-05,  1.27634312e-04, -1.42309862e-05,  4.02603907e-05,
       -3.11576625e-06,  6.58043736e-07,  2.28339598e-05, -3.70656375e-05,
       -4.70177340e-06,  1.21095395e-05, -3.04457542e-05, -3.42595124e-06,
       -9.01446410e-08,  1.64860867e-05, -2.25199578e-06,  5.06643481e-06,
       -2.74546543e-07,  1.72259280e-06, -5.39788749e-06,  6.68151368e-06,
       -8.75897385e-07,  1.79180823e-09,  8.21524874e-07, -2.48747403e-06,
        1.50512233e-06, -2.36209168e-08, -5.14191919e-05, -3.36366418e-05,
        6.98420609e-06, -4.08079378e-06,  2.55874228e-06,  5.18423931e-06,
        7.97904284e-07, -1.46962695e-05, -3.22911277e-06,  3.15663402e-06,
       -2.34276997e-06, -2.09215449e-06,  4.01670507e-07, -3.26718950e-06,
        2.68678827e-06,  1.86969713e-06,  2.42451253e-06, -2.01874283e-06,
        2.82540761e-06,  3.68558256e-06,  9.09253237e-07, -1.64467178e-06,
        1.57931191e-07, -7.77109234e-07, -1.95945916e-06,  7.61898223e-07,
       -2.42852065e-07,  6.89977223e-07, -3.55519096e-07, -1.18889140e-06,
       -4.76970476e-05, -4.85493107e-05, -2.96784625e-05,  2.79884690e-05,
       -1.68588599e-05,  3.19639747e-05, -1.00428458e-05,  2.23355215e-05,
       -3.43134769e-06, -7.21944899e-06,  1.29271224e-05, -1.24649503e-05,
        1.82637025e-07,  8.02807836e-06, -3.90455608e-06, -5.13588658e-06,
       -8.56888157e-07,  6.96010431e-06, -2.01007256e-06,  2.41809433e-08,
        7.63236463e-09,  1.52689607e-06,  2.93403185e-07,  1.81414853e-06,
        1.49463958e-06, -5.77883173e-07,  6.46002265e-07, -7.14430941e-07,
        4.98758981e-07,  7.50837537e-07,  1.58550633e-04,  1.33144970e-04,
        3.12453115e-05, -1.18874597e-05,  2.07104767e-05, -5.74821363e-05,
        1.36980577e-06,  1.12684296e-06, -3.57367511e-05,  3.68514449e-06,
       -6.55868558e-06, -1.17295679e-05, -4.43239930e-06, -2.18573314e-06,
        6.60671980e-07, -4.39533338e-06, -7.70564686e-06, -2.96107864e-06,
        1.19803640e-06, -2.89712887e-06, -1.45704500e-06,  1.65346646e-06,
        2.79206893e-06, -1.51419031e-06,  1.03101905e-06, -1.73922184e-06,
        1.37155672e-06,  1.62822755e-06, -1.36752968e-06,  9.95924622e-07,
        9.76227809e-05,  9.82658619e-05,  8.00896556e-05, -1.17353631e-04,
        3.49454742e-05, -1.05868122e-04,  4.23707606e-05, -8.91376640e-05,
        4.00319325e-05,  1.61319641e-05, -3.82579004e-05,  3.34688288e-05,
        2.58624397e-06, -3.11215782e-05,  2.79562620e-05, -2.72422361e-06,
        2.39885345e-06, -1.49035226e-05,  1.70235555e-05, -6.47923708e-06,
       -8.24433351e-07, -5.90858966e-06,  8.45387821e-06, -8.62072172e-06,
       -1.48218764e-06, -1.08834660e-06,  9.29115711e-07,  5.08984674e-06,
       -3.22661531e-06, -1.09164078e-06, -1.30334290e-04, -1.32025157e-04,
       -5.67549111e-06, -3.82357936e-06,  1.76963017e-06,  9.61673507e-05,
        1.42504493e-05,  1.03761926e-05,  7.05915870e-05, -5.11094271e-06,
       -6.14537631e-06,  1.14341051e-05,  5.92942720e-06, -1.29599013e-05,
       -4.32664684e-06, -1.32930235e-05,  1.87888066e-06,  2.99242577e-06,
        1.54087657e-07, -1.36770030e-05,  9.45773261e-08, -3.64998735e-06,
        7.56577569e-06, -6.97844057e-06, -1.82618366e-06,  2.40114177e-07,
       -8.28633966e-07,  1.74250815e-06,  8.19369591e-07, -1.75155612e-06,
        1.67888737e-05,  1.14770125e-05,  4.88354977e-06, -2.39152726e-05,
        2.17201571e-06, -2.92163839e-05, -2.93546982e-06, -1.37317606e-05,
       -1.59559523e-06, -2.72907526e-06, -5.44505239e-06,  2.32678610e-06,
       -4.36805771e-06, -2.94010130e-06,  2.52289993e-06,  1.37184386e-06,
       -1.77175294e-06, -1.57748523e-06,  4.94865876e-07, -1.34370144e-06,
       -2.00192341e-06, -2.76662012e-06,  4.48133845e-07, -1.41538143e-06,
       -1.26483434e-06, -1.57555994e-07, -5.61757299e-07,  2.78946351e-07,
       -5.66208623e-07, -4.89147297e-09], dtype=float64), 'p_l': Array([ 1.00000000e+05, -2.00000000e+05,  1.00000000e+05,  1.11022302e-16,
        3.33066907e-16,  0.00000000e+00], dtype=float64), 'i_l': Array([4.90000491e-01, 6.30953714e-07, 0.00000000e+00, 0.00000000e+00,
       0.00000000e+00, 0.00000000e+00], dtype=float64), 'c_l': Array([], shape=(0,), dtype=float64), 'Psi': Array([1.], dtype=float64), 'Te_l': Array([], shape=(0,), dtype=float64), 'ne_l': Array([], shape=(0,), dtype=float64), 'Ti_l': Array([], shape=(0,), dtype=float64), 'Zeff_l': Array([], shape=(0,), dtype=float64), 'a_lmn': Array([], shape=(0,), dtype=float64), 'Ra_n': Array([ 6.32457303e+00,  1.08521216e-02, -3.16516698e-04,  1.94660315e-06,
        1.50751902e-06,  3.43026661e-05,  8.92070800e-06,  4.07030740e-05,
        1.58611491e-05,  5.86689933e-06, -3.89352798e-06], dtype=float64), 'Za_n': Array([ 6.51782158e-06, -1.01905531e-04,  2.24814703e-05, -2.07026921e-05,
       -9.47268383e-06, -1.04666459e-05,  5.20018687e-05,  4.98602565e-05,
       -1.97356845e-04, -7.94531762e-03], dtype=float64), 'Rb_lmn': Array([ 3.16428568e-08, -8.23167866e-08,  1.09505386e-07,  1.38364370e-07,
        1.32529010e-07, -3.81475255e-06, -1.47232278e-06,  1.35746801e-06,
        1.78658784e-06, -3.75722597e-06, -2.67014999e-08,  7.17746313e-08,
       -5.47511446e-08, -1.08876460e-07, -2.09445114e-07,  1.00507789e-04,
       -2.24831254e-06, -8.44156378e-06,  1.36762740e-05, -1.39377465e-04,
        3.53196388e-08, -1.81749789e-07,  1.37910192e-07,  1.47984352e-07,
        4.01303828e-07, -1.60762659e-06,  5.00078105e-06, -4.74805205e-05,
       -9.36479414e-06,  3.82827224e-05, -1.90835645e-08,  1.21309985e-07,
       -8.62977859e-08, -4.83139551e-08,  1.38030530e-05, -3.51285546e-07,
        1.13283206e-06, -2.75178532e-06,  3.68894001e-06, -6.59989063e-05,
        4.83798978e-09, -1.02472390e-08,  1.12728158e-08,  2.30734278e-08,
        7.27894045e-08,  2.50662344e-07,  2.47764865e-06, -3.72313285e-06,
       -1.29377310e-05, -5.69204023e-06, -1.94018026e-08,  1.47228364e-07,
        2.05077045e-08,  1.76380060e-07,  1.99212031e-07, -3.37132045e-07,
        1.94065004e-06, -2.39859550e-06, -1.67746972e-06, -1.34181407e-05,
        2.40800512e-08,  1.16219653e-08, -4.09686405e-08,  1.23140083e-07,
        1.14600375e-07,  6.50127778e-07,  2.89361705e-06, -1.51036121e-06,
       -4.28561328e-05, -3.71675097e-05, -1.23969363e-09,  2.03039274e-09,
       -3.37968244e-09, -8.49418327e-09, -2.70322642e-08,  1.42514212e-07,
       -7.81915681e-07, -3.09757755e-06,  2.17312183e-06,  4.45904002e-05,
       -1.42295150e-09, -4.32537298e-09, -5.02985405e-08, -1.23442511e-08,
        7.44688709e-08, -6.14329112e-08,  3.05284452e-07,  2.08664867e-06,
       -3.63003651e-05, -1.13192563e-05, -4.79128925e-10,  1.93003511e-09,
        4.00666826e-09, -1.79859112e-08, -9.65526262e-06,  5.79271371e-08,
        3.52083213e-07,  5.13142393e-06,  2.85225384e-06,  4.73155532e-06,
        5.99999119e+00, -4.99999672e-01,  4.13625929e-07,  8.93371667e-08,
       -2.87106595e-08,  3.83311618e-08, -3.93498081e-09, -1.78319911e-09,
       -3.56770569e-09,  2.67196641e-10, -1.33439414e-10, -4.15630387e-06,
       -2.49919015e-02, -2.49993097e-02,  6.79249568e-07,  1.04193023e-07,
        9.47387086e-08,  8.13301349e-09,  4.18942534e-09,  2.24446632e-09,
       -1.43823921e-09, -5.06134259e-10, -1.13067173e-05, -2.01659194e-05,
        1.65088929e-06, -2.94671963e-06, -3.91634453e-07,  1.32221837e-07,
       -1.57878126e-08, -3.45144811e-09, -3.76836737e-09,  8.46072989e-10,
       -3.15986998e-10, -4.77253223e-06, -7.40605003e-06, -1.92790507e-06,
       -1.29332109e-06, -3.58482824e-07, -7.02822756e-08,  3.68532863e-07,
       -1.05279871e-08, -8.02515726e-09,  3.11533769e-09, -1.34971699e-09,
       -5.63305295e-06, -3.07977809e-06,  5.17557798e-06,  1.20637199e-06,
       -3.54557062e-07, -6.90312192e-07, -9.03093318e-08, -5.77957179e-08,
       -6.87449188e-09,  1.05513935e-08,  3.35987735e-08,  1.93685001e-05,
        3.32164936e-06,  3.89327899e-05, -1.14427912e-06,  9.63752191e-07,
       -1.45482545e-06,  1.81760731e-07,  5.03405467e-08,  9.14229310e-08,
       -1.11366938e-06,  6.43176820e-09,  7.19721887e-06, -2.94651407e-06,
        6.64503106e-06, -1.88601900e-06, -1.97023822e-06,  9.89951783e-07,
       -3.49999107e-07,  1.30461752e-07, -1.41239369e-06, -2.53182430e-08,
        1.62038468e-08,  7.83305011e-05,  3.04179230e-06,  1.54631759e-05,
        1.76273749e-06, -1.30816334e-06,  5.04521207e-07, -4.95784888e-07,
        4.74727137e-07,  1.97852089e-07,  2.91032646e-06, -4.48457787e-08,
        8.86115032e-06, -1.08199493e-05,  1.14897258e-05,  3.92405678e-06,
        2.36808307e-06,  1.03895933e-06,  6.84347337e-07,  1.77979576e-07,
        4.71766810e-07,  7.68242057e-07,  8.55626364e-08, -1.04051850e-05,
        2.62159749e-06,  4.87791494e-05,  3.59123943e-06, -2.04327234e-06,
        1.77612277e-06, -4.65322417e-07, -1.60309048e-07, -7.97655559e-08,
        1.50121138e-07, -5.69068683e-08,  8.00991749e-07, -9.47409272e-07,
       -5.47752320e-06,  1.09655026e-05, -2.95073993e-06,  5.06455538e-07,
        1.05253027e-06,  1.11799064e-07,  1.63170145e-06,  8.73558958e-07,
        3.01997559e-07], dtype=float64), 'Zb_lmn': Array([-8.61363565e-07,  6.85698579e-06,  1.91208477e-06, -4.90724504e-06,
        1.31450070e-06, -1.00743733e-06, -4.39079438e-07, -1.55815329e-07,
        3.36089566e-07,  1.70196338e-08,  2.53197629e-08, -3.24854953e-04,
        9.85817246e-06, -5.74199961e-06, -4.14441545e-06,  4.17964878e-06,
       -8.77941035e-07,  1.80222480e-06,  1.91016587e-07, -1.03229294e-06,
       -1.12711517e-08, -1.17881168e-08,  7.33459450e-05, -2.06665703e-05,
        3.74342578e-05,  3.13387090e-06,  1.67257966e-04,  1.87474125e-06,
        5.80241050e-07, -7.63250466e-07, -1.94023591e-07,  2.16167492e-08,
        2.13061398e-08, -3.66494982e-05, -3.75227082e-05, -6.42674373e-06,
        3.53158415e-06, -9.59146537e-07,  1.51009591e-06, -1.91123403e-07,
        8.52388827e-07,  5.39800149e-08, -9.36430935e-09, -6.00023913e-09,
       -2.41755369e-05,  5.51188465e-06,  4.62514349e-06,  1.88846593e-06,
        5.60219692e-07, -7.71250455e-07, -2.35768255e-07, -5.66317833e-08,
        1.10338118e-07,  2.37983099e-09,  2.43595540e-09, -1.06096576e-05,
        7.88064373e-06,  2.31119004e-06,  4.02256626e-06, -5.09296394e-07,
        3.47470894e-07, -2.66020332e-07, -6.83706497e-08,  4.44015942e-08,
        1.31020714e-08,  2.56177605e-09,  6.29042108e-05,  1.17397880e-05,
        5.61646304e-06,  9.74182070e-07,  1.98448549e-06, -8.19618607e-07,
       -1.60530550e-06,  4.75203717e-08, -1.96673639e-08, -1.28098971e-08,
       -9.16318856e-09,  1.32180440e-05, -1.43552522e-05, -6.31947966e-06,
        4.20546386e-06,  4.68673473e-07, -4.04034506e-08, -1.42389584e-07,
        1.35773826e-08,  4.39376423e-08, -8.08611866e-10, -7.11625298e-10,
        1.27894938e-05, -5.97828127e-06, -7.21456001e-06, -2.54691375e-06,
       -1.66492845e-07,  4.09411021e-08,  6.97839714e-08, -6.52342970e-08,
       -8.59368395e-09, -4.41638219e-09, -2.85562545e-09, -1.78840591e-04,
       -3.39889083e-05, -2.81558855e-06, -1.00023076e-06,  5.32307515e-07,
       -8.98019434e-08,  1.47374213e-06,  5.54882625e-08, -6.07803494e-09,
       -1.09598110e-09,  3.73931295e-10, -2.54304538e-10,  1.53760091e-10,
        1.20048637e-09, -9.71569248e-09, -1.12086964e-08,  1.50844237e-08,
       -5.46086885e-08,  6.64068979e-08, -3.99943641e-03,  4.89998555e-01,
       -2.04862545e-10, -3.20742352e-10,  1.46350038e-09,  6.05903804e-09,
       -1.13596205e-08, -3.20171397e-08,  1.59564121e-07, -1.09456506e-06,
       -2.49995654e-02,  2.49980881e-02, -7.44787949e-09,  4.67921275e-10,
        7.48377315e-09, -1.20983295e-08, -6.19460239e-07,  2.80381586e-08,
       -1.87299005e-07, -5.09299519e-07, -9.37494549e-07, -1.84761356e-05,
        2.31976973e-09,  1.24192683e-09,  5.61216843e-09, -4.18026389e-08,
       -8.59077986e-08, -6.05329003e-08,  2.34301671e-05, -8.70664799e-07,
       -1.84543221e-06, -2.50942557e-06,  1.63304251e-09,  3.60407782e-09,
       -1.25624102e-07, -7.00622726e-08,  1.74269742e-07,  2.92206848e-07,
       -2.98188490e-07,  5.56325650e-07,  4.70300728e-06,  8.42770922e-06,
       -6.08525939e-08, -7.90093676e-09, -3.64441112e-08,  3.59320949e-07,
       -8.16843698e-07, -3.24610277e-07,  1.49809377e-06, -6.55268076e-07,
       -1.11350781e-05, -7.02685665e-06, -4.97494825e-08, -2.52979657e-08,
        5.77041702e-08, -3.94321587e-07, -7.88157170e-07,  3.76497138e-07,
       -8.11369734e-07, -1.27066946e-06, -4.83895827e-06, -1.10149720e-04,
        1.21757515e-07,  9.00603779e-08,  3.80238283e-07, -4.28912565e-07,
       -1.23176607e-06,  8.24864101e-07, -1.81552917e-06,  2.39060970e-06,
        5.04309064e-05, -1.82300841e-05, -4.83744205e-08, -3.18113255e-08,
       -9.02517444e-07,  5.24925849e-07,  6.08515396e-06,  1.14963885e-06,
        1.70497543e-06,  7.71770856e-06,  1.05712940e-05,  1.73384429e-05,
        1.25603875e-08,  1.66546337e-08,  3.24120648e-07, -1.69600324e-07,
        1.35604817e-06,  1.39189491e-06, -3.19653393e-06,  4.70437329e-06,
        1.14550591e-05, -5.62272064e-05, -3.63362334e-08, -4.81767515e-08,
       -3.27154623e-07, -2.52974732e-07,  2.17721427e-07, -1.65899734e-06,
        3.58220944e-07, -4.83917470e-07, -6.56480395e-06, -1.93397310e-06],      dtype=float64), 'I': Array([], shape=(0,), dtype=float64), 'G': Array([], shape=(0,), dtype=float64), 'Phi_mn': Array([], shape=(0,), dtype=float64)}]]
message = Optimization terminated successfully.
`xtol` condition satisfied. (xtol=1.00e-06)
nfev = 7
nit = 1
njev = 2
optimality = 0.051906228630673214
success = True
v = [1. 1. 1. 1. 1. 1. 1. 1. 1. 1. 1. 1. 1. 1. 1. 1. 1. 1. 1. 1. 1. 1. 1. 1.
 1. 1. 1. 1. 1. 1. 1. 1. 1. 1. 1. 1. 1. 1. 1. 1. 1. 1. 1. 1. 1. 1. 1. 1.
 1. 1. 1. 1. 1. 1. 1. 1. 1. 1. 1. 1. 1. 1. 1. 1. 1. 1. 1. 1. 1. 1. 1. 1.
 1. 1. 1. 1. 1. 1. 1. 1. 1. 1. 1. 1. 1. 1. 1. 1. 1. 1. 1. 1. 1. 1. 1. 1.
 1. 1. 1. 1. 1. 1. 1. 1. 1. 1. 1. 1. 1. 1. 1. 1. 1. 1. 1. 1. 1. 1. 1. 1.
 1. 1. 1. 1. 1. 1. 1. 1. 1. 1. 1. 1. 1. 1. 1. 1. 1. 1. 1. 1. 1. 1. 1. 1.
 1. 1. 1. 1. 1. 1. 1. 1. 1. 1. 1. 1. 1. 1. 1. 1. 1. 1. 1. 1. 1. 1. 1. 1.
 1. 1. 1. 1. 1. 1. 1. 1. 1. 1. 1. 1. 1. 1. 1. 1. 1. 1. 1. 1. 1. 1. 1. 1.
 1. 1. 1. 1. 1. 1. 1. 1. 1. 1. 1. 1. 1. 1. 1. 1. 1. 1. 1. 1. 1. 1. 1. 1.
 1. 1. 1. 1. 1. 1. 1. 1. 1. 1. 1. 1. 1. 1. 1. 1. 1. 1. 1. 1. 1. 1. 1. 1.
 1. 1. 1. 1. 1. 1. 1. 1. 1. 1. 1. 1. 1. 1. 1. 1. 1. 1. 1. 1. 1. 1. 1. 1.
 1. 1. 1. 1. 1. 1. 1. 1. 1. 1. 1. 1. 1. 1. 1. 1. 1. 1. 1. 1. 1. 1. 1. 1.
 1. 1. 1. 1. 1. 1. 1. 1. 1. 1. 1. 1. 1. 1. 1. 1. 1. 1. 1. 1. 1. 1. 1. 1.
 1. 1. 1. 1. 1. 1. 1. 1. 1. 1. 1. 1. 1. 1. 1. 1. 1. 1. 1. 1. 1. 1. 1. 1.
 1. 1. 1. 1. 1. 1. 1. 1. 1. 1. 1. 1. 1. 1. 1. 1. 1. 1. 1. 1. 1. 1. 1. 1.
 1. 1. 1. 1. 1. 1. 1. 1. 1. 1. 1. 1. 1. 1. 1. 1. 1. 1. 1. 1. 1. 1. 1. 1.
 1. 1. 1. 1. 1. 1. 1. 1. 1. 1. 1. 1. 1. 1. 1. 1. 1. 1. 1. 1. 1. 1. 1. 1.
 1. 1. 1. 1. 1. 1. 1. 1. 1. 1. 1. 1. 1. 1. 1. 1. 1. 1. 1. 1. 1. 1. 1. 1.
 1. 1. 1. 1. 1. 1. 1. 1. 1. 1. 1. 1. 1.]
x = [-4.82199918e-01 -1.66357544e+00  4.90000491e-01  6.30953714e-07
  3.16428568e-08 -8.23167866e-08  1.09505386e-07  1.38364370e-07
  1.32529010e-07 -3.81475255e-06 -1.47232278e-06  1.35746801e-06
  1.78658784e-06 -3.75722597e-06 -2.67014999e-08  7.17746313e-08
 -5.47511446e-08 -1.08876460e-07 -2.09445114e-07  1.00507789e-04
 -2.24831254e-06 -8.44156378e-06  1.36762740e-05 -1.39377465e-04
  3.53196388e-08 -1.81749789e-07  1.37910192e-07  1.47984352e-07
  4.01303828e-07 -1.60762659e-06  5.00078105e-06 -4.74805205e-05
 -9.36479414e-06  3.82827224e-05 -1.90835645e-08  1.21309985e-07
 -8.62977859e-08 -4.83139551e-08  1.38030530e-05 -3.51285546e-07
  1.13283206e-06 -2.75178532e-06  3.68894001e-06 -6.59989063e-05
  4.83798978e-09 -1.02472390e-08  1.12728158e-08  2.30734278e-08
  7.27894045e-08  2.50662344e-07  2.47764865e-06 -3.72313285e-06
 -1.29377310e-05 -5.69204023e-06 -1.94018026e-08  1.47228364e-07
  2.05077045e-08  1.76380060e-07  1.99212031e-07 -3.37132045e-07
  1.94065004e-06 -2.39859550e-06 -1.67746972e-06 -1.34181407e-05
  2.40800512e-08  1.16219653e-08 -4.09686405e-08  1.23140083e-07
  1.14600375e-07  6.50127778e-07  2.89361705e-06 -1.51036121e-06
 -4.28561328e-05 -3.71675097e-05 -1.23969363e-09  2.03039274e-09
 -3.37968244e-09 -8.49418327e-09 -2.70322642e-08  1.42514212e-07
 -7.81915681e-07 -3.09757755e-06  2.17312183e-06  4.45904002e-05
 -1.42295150e-09 -4.32537298e-09 -5.02985405e-08 -1.23442511e-08
  7.44688709e-08 -6.14329112e-08  3.05284452e-07  2.08664867e-06
 -3.63003651e-05 -1.13192563e-05 -4.79128925e-10  1.93003511e-09
  4.00666826e-09 -1.79859112e-08 -9.65526262e-06  5.79271371e-08
  3.52083213e-07  5.13142393e-06  2.85225384e-06  4.73155532e-06
  5.99999119e+00 -4.99999672e-01  4.13625929e-07  8.93371667e-08
 -2.87106595e-08  3.83311618e-08 -3.93498081e-09 -1.78319911e-09
 -3.56770569e-09  2.67196641e-10 -1.33439414e-10 -4.15630387e-06
 -2.49919015e-02 -2.49993097e-02  6.79249568e-07  1.04193023e-07
  9.47387086e-08  8.13301349e-09  4.18942534e-09  2.24446632e-09
 -1.43823921e-09 -5.06134259e-10 -1.13067173e-05 -2.01659194e-05
  1.65088929e-06 -2.94671963e-06 -3.91634453e-07  1.32221837e-07
 -1.57878126e-08 -3.45144811e-09 -3.76836737e-09  8.46072989e-10
 -3.15986998e-10 -4.77253223e-06 -7.40605003e-06 -1.92790507e-06
 -1.29332109e-06 -3.58482824e-07 -7.02822756e-08  3.68532863e-07
 -1.05279871e-08 -8.02515726e-09  3.11533769e-09 -1.34971699e-09
 -5.63305295e-06 -3.07977809e-06  5.17557798e-06  1.20637199e-06
 -3.54557062e-07 -6.90312192e-07 -9.03093318e-08 -5.77957179e-08
 -6.87449188e-09  1.05513935e-08  3.35987735e-08  1.93685001e-05
  3.32164936e-06  3.89327899e-05 -1.14427912e-06  9.63752191e-07
 -1.45482545e-06  1.81760731e-07  5.03405467e-08  9.14229310e-08
 -1.11366938e-06  6.43176820e-09  7.19721887e-06 -2.94651407e-06
  6.64503106e-06 -1.88601900e-06 -1.97023822e-06  9.89951783e-07
 -3.49999107e-07  1.30461752e-07 -1.41239369e-06 -2.53182430e-08
  1.62038468e-08  7.83305011e-05  3.04179230e-06  1.54631759e-05
  1.76273749e-06 -1.30816334e-06  5.04521207e-07 -4.95784888e-07
  4.74727137e-07  1.97852089e-07  2.91032646e-06 -4.48457787e-08
  8.86115032e-06 -1.08199493e-05  1.14897258e-05  3.92405678e-06
  2.36808307e-06  1.03895933e-06  6.84347337e-07  1.77979576e-07
  4.71766810e-07  7.68242057e-07  8.55626364e-08 -1.04051850e-05
  2.62159749e-06  4.87791494e-05  3.59123943e-06 -2.04327234e-06
  1.77612277e-06 -4.65322417e-07 -1.60309048e-07 -7.97655559e-08
  1.50121138e-07 -5.69068683e-08  8.00991749e-07 -9.47409272e-07
 -5.47752320e-06  1.09655026e-05 -2.95073993e-06  5.06455538e-07
  1.05253027e-06  1.11799064e-07  1.63170145e-06  8.73558958e-07
  3.01997559e-07 -8.61363565e-07  6.85698579e-06  1.91208477e-06
 -4.90724504e-06  1.31450070e-06 -1.00743733e-06 -4.39079438e-07
 -1.55815329e-07  3.36089566e-07  1.70196338e-08  2.53197629e-08
 -3.24854953e-04  9.85817246e-06 -5.74199961e-06 -4.14441545e-06
  4.17964878e-06 -8.77941035e-07  1.80222480e-06  1.91016587e-07
 -1.03229294e-06 -1.12711517e-08 -1.17881168e-08  7.33459450e-05
 -2.06665703e-05  3.74342578e-05  3.13387090e-06  1.67257966e-04
  1.87474125e-06  5.80241050e-07 -7.63250466e-07 -1.94023591e-07
  2.16167492e-08  2.13061398e-08 -3.66494982e-05 -3.75227082e-05
 -6.42674373e-06  3.53158415e-06 -9.59146537e-07  1.51009591e-06
 -1.91123403e-07  8.52388827e-07  5.39800149e-08 -9.36430935e-09
 -6.00023913e-09 -2.41755369e-05  5.51188465e-06  4.62514349e-06
  1.88846593e-06  5.60219692e-07 -7.71250455e-07 -2.35768255e-07
 -5.66317833e-08  1.10338118e-07  2.37983099e-09  2.43595540e-09
 -1.06096576e-05  7.88064373e-06  2.31119004e-06  4.02256626e-06
 -5.09296394e-07  3.47470894e-07 -2.66020332e-07 -6.83706497e-08
  4.44015942e-08  1.31020714e-08  2.56177605e-09  6.29042108e-05
  1.17397880e-05  5.61646304e-06  9.74182070e-07  1.98448549e-06
 -8.19618607e-07 -1.60530550e-06  4.75203717e-08 -1.96673639e-08
 -1.28098971e-08 -9.16318856e-09  1.32180440e-05 -1.43552522e-05
 -6.31947966e-06  4.20546386e-06  4.68673473e-07 -4.04034506e-08
 -1.42389584e-07  1.35773826e-08  4.39376423e-08 -8.08611866e-10
 -7.11625298e-10  1.27894938e-05 -5.97828127e-06 -7.21456001e-06
 -2.54691375e-06 -1.66492845e-07  4.09411021e-08  6.97839714e-08
 -6.52342970e-08 -8.59368395e-09 -4.41638219e-09 -2.85562545e-09
 -1.78840591e-04 -3.39889083e-05 -2.81558855e-06 -1.00023076e-06
  5.32307515e-07 -8.98019434e-08  1.47374213e-06  5.54882625e-08
 -6.07803494e-09 -1.09598110e-09  3.73931295e-10 -2.54304538e-10
  1.53760091e-10  1.20048637e-09 -9.71569248e-09 -1.12086964e-08
  1.50844237e-08 -5.46086885e-08  6.64068979e-08 -3.99943641e-03
  4.89998555e-01 -2.04862545e-10 -3.20742352e-10  1.46350038e-09
  6.05903804e-09 -1.13596205e-08 -3.20171397e-08  1.59564121e-07
 -1.09456506e-06 -2.49995654e-02  2.49980881e-02 -7.44787949e-09
  4.67921275e-10  7.48377315e-09 -1.20983295e-08 -6.19460239e-07
  2.80381586e-08 -1.87299005e-07 -5.09299519e-07 -9.37494549e-07
 -1.84761356e-05  2.31976973e-09  1.24192683e-09  5.61216843e-09
 -4.18026389e-08 -8.59077986e-08 -6.05329003e-08  2.34301671e-05
 -8.70664799e-07 -1.84543221e-06 -2.50942557e-06  1.63304251e-09
  3.60407782e-09 -1.25624102e-07 -7.00622726e-08  1.74269742e-07
  2.92206848e-07 -2.98188490e-07  5.56325650e-07  4.70300728e-06
  8.42770922e-06 -6.08525939e-08 -7.90093676e-09 -3.64441112e-08
  3.59320949e-07 -8.16843698e-07 -3.24610277e-07  1.49809377e-06
 -6.55268076e-07 -1.11350781e-05 -7.02685665e-06 -4.97494825e-08
 -2.52979657e-08  5.77041702e-08 -3.94321587e-07 -7.88157170e-07
  3.76497138e-07 -8.11369734e-07 -1.27066946e-06 -4.83895827e-06
 -1.10149720e-04  1.21757515e-07  9.00603779e-08  3.80238283e-07
 -4.28912565e-07 -1.23176607e-06  8.24864101e-07 -1.81552917e-06
  2.39060970e-06  5.04309064e-05 -1.82300841e-05 -4.83744205e-08
 -3.18113255e-08 -9.02517444e-07  5.24925849e-07  6.08515396e-06
  1.14963885e-06  1.70497543e-06  7.71770856e-06  1.05712940e-05
  1.73384429e-05  1.25603875e-08  1.66546337e-08  3.24120648e-07
 -1.69600324e-07  1.35604817e-06  1.39189491e-06 -3.19653393e-06
  4.70437329e-06  1.14550591e-05 -5.62272064e-05 -3.63362334e-08
 -4.81767515e-08 -3.27154623e-07 -2.52974732e-07  2.17721427e-07
 -1.65899734e-06  3.58220944e-07 -4.83917470e-07 -6.56480395e-06
 -1.93397310e-06]
